nom latin,nom vernaculaire,image principale,images secondaires,image 3,image 4,image 5,image 6,image 7,image 8,image 9,image 10,image 11,image 12,image 13,image 14,image 15,image 16,image 17
ACANTHUS MOLLIS,ACANTHE À FEUILLES MOLLES,https://upload.wikimedia.org/wikipedia/commons/7/72/Acanthus_mollis5.jpg,https://upload.wikimedia.org/wikipedia/commons/c/c7/Acanthus%28buds%29.jpg,https://upload.wikimedia.org/wikipedia/commons/8/88/Acanthus_mollis_02_by_Line1.JPG,https://upload.wikimedia.org/wikipedia/commons/8/82/Acanthus_mollis_kz2.jpg,https://upload.wikimedia.org/wikipedia/commons/c/cc/Acanthus_mollis_in_Necropoli_Banditaccia.jpg,"https://upload.wikimedia.org/wikipedia/commons/6/69/Acanthus_mollis_levallois.JPG",,,,,,,,,,,
ACTINIDIA ARGUTA,KIWAÏ / KIWI DE SIBERIE,https://upload.wikimedia.org/wikipedia/commons/c/c7/Actinidia-arguta-foliage.jpg,https://upload.wikimedia.org/wikipedia/commons/c/c5/Actinidia-arguta-flowers.jpg,https://upload.wikimedia.org/wikipedia/commons/c/c7/Actinidia-arguta-foliage.jpg,https://upload.wikimedia.org/wikipedia/commons/f/fe/Actinidia_arguta_%27Ken%27s_Red%27_Aktinidia_ostrolistna_2017-10-15_01.jpg,https://upload.wikimedia.org/wikipedia/commons/1/13/Weiki01.jpg,https://upload.wikimedia.org/wikipedia/commons/0/0a/Actinidia_fruits.jpg,,,,,,,,,,,
ACTINIDIA CHINENSIS,KIWI,https://upload.wikimedia.org/wikipedia/commons/a/a8/Actinidia_chinensis_kz3.jpg,https://upload.wikimedia.org/wikipedia/commons/c/cf/Actinidia_chinensis_-_Austins_Ferry.jpg,https://upload.wikimedia.org/wikipedia/commons/1/1b/Actinidia_chinensis_kz2.jpg,https://upload.wikimedia.org/wikipedia/commons/f/fe/Actinidia_chinensis_kz1.jpg,https://upload.wikimedia.org/wikipedia/commons/5/59/Actinidia-chinensis-ashoka-pflanze.jpg,https://upload.wikimedia.org/wikipedia/commons/8/8b/Actinidia-chinensis-ashoka-frucht.jpg,,,,,,,,,,,
AKEBIA SPP,"AKEBIES, VIGNE CHOCOLAT",https://upload.wikimedia.org/wikipedia/commons/a/ae/Akebia_trifoliata.JPG,https://upload.wikimedia.org/wikipedia/commons/c/c8/Akebia_quinata4.jpg,https://upload.wikimedia.org/wikipedia/commons/9/94/Akebia_trifoliata8.jpg,https://upload.wikimedia.org/wikipedia/commons/f/f2/Akebia.jpg,https://upload.wikimedia.org/wikipedia/commons/f/fe/Akebia_trifoliata9.jpg,https://upload.wikimedia.org/wikipedia/commons/2/21/Akebia_x_pentaphylla2.jpg,https://upload.wikimedia.org/wikipedia/commons/9/93/Akebia_x_pentaphylla1.jpg,https://upload.wikimedia.org/wikipedia/commons/e/ef/Akebia_pi%C4%99ciolistkowa_01.jpg,https://upload.wikimedia.org/wikipedia/commons/9/95/Akebia_quinata_%28young_fruits%29.jpg,https://upload.wikimedia.org/wikipedia/commons/7/7c/Akebia_quinata_%28fruits%29.jpg,https://upload.wikimedia.org/wikipedia/commons/8/89/Akebia_quinata_02.JPG,https://upload.wikimedia.org/wikipedia/commons/2/24/Akebia_longeracemosa_%2818130159479%29.jpg,https://upload.wikimedia.org/wikipedia/commons/3/32/Akebia_longeracemosa.jpg,https://upload.wikimedia.org/wikipedia/commons/6/60/Akebia_quinata_%28fruits_s12%29.jpg,https://upload.wikimedia.org/wikipedia/commons/d/dd/Akebia_quinata_%28flower%29.jpg,,
ALBIZIA JULIBRISSIN,"ALBIZIA, ARBRE À SOIE",https://upload.wikimedia.org/wikipedia/commons/1/12/Albizia_julibrissin_01.jpg,https://upload.wikimedia.org/wikipedia/commons/b/b5/Photo-PinkFlowers.jpg,https://upload.wikimedia.org/wikipedia/commons/b/b3/Albizia_julibrissin_05.jpg,https://upload.wikimedia.org/wikipedia/commons/6/6d/Albizia_julibrissin_08.jpg,https://upload.wikimedia.org/wikipedia/commons/4/43/Albizia_julibrissin_trunk.jpg,https://upload.wikimedia.org/wikipedia/commons/f/f1/Albizia_julibrissin_%28Mimosa%29_%2829123489112%29.jpg,https://upload.wikimedia.org/wikipedia/commons/0/0a/Albizia_julibrissin_%28Mimosa%29_%2828610943833%29.jpg,https://upload.wikimedia.org/wikipedia/commons/0/01/Albizia_julibrissin_mit_Marienk%C3%A4fer.JPG,https://upload.wikimedia.org/wikipedia/commons/0/0a/Albizia_julibrissin_%28Mimosa%29_%2828610943833%29.jpg,https://upload.wikimedia.org/wikipedia/commons/2/2d/Albizia_julibrissin_17zz.jpg,https://upload.wikimedia.org/wikipedia/commons/9/99/Albizia_julibrissin_%28Mimosa%29_%2829123488222%29.jpg,https://upload.wikimedia.org/wikipedia/commons/5/54/Albizia_julibrissin_tree.jpg,https://upload.wikimedia.org/wikipedia/commons/7/7d/Albizia_julibrissin_%28Silk_Tree%2C_Mimosa%2C_Albizia%29_1442-77%2AB_%2837274337650%29.jpg,https://upload.wikimedia.org/wikipedia/commons/7/79/Albizia_julibrissin_%E2%80%94_Pl%C3%A1ntula_con_los_dos_cotiledones_y_las_hojas_primordiales.jpg,https://upload.wikimedia.org/wikipedia/commons/4/47/Lyon_3e_-_Parc_Georges-Bazin_-_Albizia_julibrissin.jpg,https://upload.wikimedia.org/wikipedia/commons/2/2c/Albizzia_julibrissin_%282%29.JPG,https://upload.wikimedia.org/wikipedia/commons/b/be/20130801Seidenbaum_Hockenheim01.jpg
ALLIUM AMPELOPRASUM,POIREAUX PERPETUELS,https://upload.wikimedia.org/wikipedia/commons/a/a1/Allium_ampeloprasum_inflorescence.jpg,https://upload.wikimedia.org/wikipedia/commons/7/77/Allium_ampeloprasum_MHNT.BOT.2006.46.12.jpg,https://upload.wikimedia.org/wikipedia/commons/c/c6/Allium_ampeloprasum_blossoming.JPG,https://upload.wikimedia.org/wikipedia/commons/5/5d/Allium_ampeloprasum_var._ampeloprasum_-_vara_floral_03.jpg,https://upload.wikimedia.org/wikipedia/commons/9/94/Allium_ampeloprasum_var._ampeloprasum_-_antes_de_florecer.jpg,https://upload.wikimedia.org/wikipedia/commons/b/b3/Allium_ampeloprasum_-_view_towards_Nare_Head_and_Gull_Rock_-_geograph.org.uk_-_1181497.jpg,https://upload.wikimedia.org/wikipedia/commons/8/81/A.ampeloprasum_1.jpg,,,,,,,,,,
ALLIUM CEPA VAR. PROLIFERATUM,"OIGNON ROCAMBOLE",https://upload.wikimedia.org/wikipedia/commons/7/72/Allium_cepa_viviparum_002.JPG,https://upload.wikimedia.org/wikipedia/commons/1/14/Allium_cepa_viviparum_003.JPG,,,,,,,,,,,,,,,
ALLIUM URSINUM,AIL DES OURS,https://upload.wikimedia.org/wikipedia/commons/a/a7/Allium_ursinum_2_RF.jpg,https://upload.wikimedia.org/wikipedia/commons/1/16/Daslook_%28Allium_ursinum%29_07-04-2020._%28actm.%29_04.jpg,https://upload.wikimedia.org/wikipedia/commons/d/d8/Allium_ursinum_population.jpg,https://upload.wikimedia.org/wikipedia/commons/f/f4/L%27ail_des_ours_au_printemps_%28allium_ursinum%29.jpg,https://upload.wikimedia.org/wikipedia/commons/d/d3/Allium_ursinum_ENBLA02.jpg,https://upload.wikimedia.org/wikipedia/commons/9/95/Hortus_Haren._06-05-2020_%28actm.%29_16.jpg,https://upload.wikimedia.org/wikipedia/commons/e/e5/Sihlwald_Ramson_seedling_20200204.jpg,https://upload.wikimedia.org/wikipedia/commons/6/66/Allium_ursinum_02.JPG,,,,,,,,,
ALNUS CORDATA,AULNE DE CORSE,https://upload.wikimedia.org/wikipedia/commons/c/cf/Alnus_cordata.jpg,https://upload.wikimedia.org/wikipedia/commons/9/92/Alnus_cordata_01_ies.jpg,https://upload.wikimedia.org/wikipedia/commons/8/80/Alnus-cordata-leaves.JPG,https://upload.wikimedia.org/wikipedia/commons/4/42/Alnus-cordata-habitat.JPG,https://upload.wikimedia.org/wikipedia/commons/9/9c/Alnus_cordata_alder_tree.jpg,https://upload.wikimedia.org/wikipedia/commons/d/d0/Alnus_cordata._Umeru_italianu.jpg,,,,,,,,,,,
ALNUS INCANA,AULNE BLANC,https://upload.wikimedia.org/wikipedia/commons/1/1b/Alnus_incana_010703.jpg,https://upload.wikimedia.org/wikipedia/commons/f/fd/Alnus-incana-leaves.JPG,https://upload.wikimedia.org/wikipedia/commons/5/5b/Alnus_incana_001.jpg,https://upload.wikimedia.org/wikipedia/commons/6/66/Alnus_incana_003.jpg,https://upload.wikimedia.org/wikipedia/commons/e/e4/Grau-Erle_%28Alnus_incana%29_6215.JPG,,,,,,,,,,,,
AMELANCHIER ALNIFOLIA ,AMÉLANCHIER À FEUILLES D'AULNE,https://upload.wikimedia.org/wikipedia/commons/1/1e/Amelanchier_alnifolia_6338.JPG,https://upload.wikimedia.org/wikipedia/commons/b/b3/Amelanchier_alnifolia_RF.jpg,https://upload.wikimedia.org/wikipedia/commons/b/b3/Amelanchier_alnifolia_autumn.jpg,https://upload.wikimedia.org/wikipedia/commons/1/10/Amelanchier_alnifolia_6358.JPG,https://upload.wikimedia.org/wikipedia/commons/d/d6/Amelanchier_alnifolia_0323.JPG,https://upload.wikimedia.org/wikipedia/commons/7/72/Amelanchier_alnifolia_kz2.jpg,https://upload.wikimedia.org/wikipedia/commons/3/3a/Amelanchier_alnifolia_4105.JPG,https://upload.wikimedia.org/wikipedia/commons/6/6c/Amelanchier_alnifolia_kz02.jpg,https://upload.wikimedia.org/wikipedia/commons/3/37/Amelanchier_alnifolia_0324.JPG,https://upload.wikimedia.org/wikipedia/commons/5/5f/Amelanchier_alnifolia_%283289593124%29.jpg,https://upload.wikimedia.org/wikipedia/commons/d/d4/Wild_Amelanchier_alnifolia_fruit.jpg,https://upload.wikimedia.org/wikipedia/commons/3/3a/Amelanchier_alnifolia_var._semiintegrifolia_6.jpg,,,,,
AMELANCHIER CANADENSIS,AMELANCHIERS,https://upload.wikimedia.org/wikipedia/commons/2/26/Amelanchier-canadensis-fruit.jpg,https://upload.wikimedia.org/wikipedia/commons/1/11/Amelanchier_asiatica2.jpg,https://upload.wikimedia.org/wikipedia/commons/2/24/Amelanchier_canadensis_2zz.jpg,https://upload.wikimedia.org/wikipedia/commons/2/29/Amelanchier_canadensis_berry.jpg,https://upload.wikimedia.org/wikipedia/commons/f/f1/Amelanchier_canadensis_in_blossom.jpg,https://upload.wikimedia.org/wikipedia/commons/d/dd/Amelanchier_canadensis_kz02.jpg,https://upload.wikimedia.org/wikipedia/commons/4/47/Amelanchier_canadensis_%28Thicket_Serviceberry%29_%2825992630554%29.jpg,https://upload.wikimedia.org/wikipedia/commons/c/cf/%E5%8A%A0%E6%8B%BF%E5%A4%A7%E5%94%90%E6%A3%A3_Amelanchier_canadensis_-%E4%B8%8A%E6%B5%B7%E8%BE%B0%E5%B1%B1%E6%A4%8D%E7%89%A9%E5%9C%92_Shanghai_Chenshan_Botanical_Garden-_%2817262961731%29.jpg,,,,,,,,,
amorpha fruticosa,FAUX INDIGO,https://upload.wikimedia.org/wikipedia/commons/1/13/Amorpha_fruticosa%2C_Torroella_de_Montgr%C3%AD_01.jpg,https://upload.wikimedia.org/wikipedia/commons/2/26/Amorpha_fruticosa_kz03.jpg,https://upload.wikimedia.org/wikipedia/commons/f/f1/Amorpha_fruticosa_04.JPG,https://upload.wikimedia.org/wikipedia/commons/f/f1/Amorpha_fruticosa_04.JPG,https://upload.wikimedia.org/wikipedia/commons/5/5a/Amorpha_fruticosa_flowering.jpg,https://upload.wikimedia.org/wikipedia/commons/9/97/Amorpha_fruticosa_02.JPG,https://upload.wikimedia.org/wikipedia/commons/1/1d/Amorpha_fruticosa_-_Flickr_-_peganum.jpg,https://upload.wikimedia.org/wikipedia/commons/a/ab/Amorpha_fruticosa_2019_09_21_Kumpula_0091.jpg,https://upload.wikimedia.org/wikipedia/commons/8/88/%D0%90%D0%BC%D0%BE%D1%80%D1%84%D0%B0_%D0%BA%D1%83%D1%89%D0%BE%D0%B2%D0%B0_1_%28Amorpha_fruticosa%29.jpg,https://upload.wikimedia.org/wikipedia/commons/0/07/%D0%90%D0%BC%D0%BE%D1%80%D1%84%D0%B0_%D0%BA%D1%83%D1%89%D0%BE%D0%B2%D0%B0_%28Amorpha_fruticosa%29.jpg,https://upload.wikimedia.org/wikipedia/commons/3/33/Amorpha_fruticosa_flowers_and_pods.jpg,https://upload.wikimedia.org/wikipedia/commons/3/3b/20180816Amorpha_fruticosa3.jpg,https://upload.wikimedia.org/wikipedia/commons/7/7f/20180816Amorpha_fruticosa2.jpg,,,,
ARBUTUS UNEDO,ARBOUSIER,https://upload.wikimedia.org/wikipedia/commons/3/32/Arbutus_unedo_002.JPG,https://upload.wikimedia.org/wikipedia/commons/3/3f/Arbutus_unedo_RF.jpg,https://upload.wikimedia.org/wikipedia/commons/2/26/Arbutus_unedo_20110828b.jpg,https://upload.wikimedia.org/wikipedia/commons/0/0b/Arbutus_unedo_20110818c.jpg,https://upload.wikimedia.org/wikipedia/commons/2/27/Arbutus-unedo-201981004a.jpg,https://upload.wikimedia.org/wikipedia/commons/9/98/Arbutus_unedo2.jpg,https://upload.wikimedia.org/wikipedia/commons/d/db/Arbutus-unedo-20191004b.jpg,https://upload.wikimedia.org/wikipedia/commons/0/0f/Arbutus_unedo_%2849106316888%29.jpg,https://upload.wikimedia.org/wikipedia/commons/2/2e/Arbutus_unedo._Borrachinal.jpg,https://upload.wikimedia.org/wikipedia/commons/a/af/Arbutus_unedo_-_tree.jpg,https://upload.wikimedia.org/wikipedia/commons/7/7e/Arbutus_unedo_4zz.jpg,https://upload.wikimedia.org/wikipedia/commons/f/f8/Arbutus_unedo._Borrachinal_%28flores%29.jpg,https://upload.wikimedia.org/wikipedia/commons/3/30/Arbutus_unedo%2C_Montes_de_M%C3%A1laga%2C_Spain.jpg,,,,
aronia mitshurinii,ARONIA,https://upload.wikimedia.org/wikipedia/commons/4/47/Aronia_melanocarpa_%28Black_Chokeberry%29_%2836286083332%29.jpg,https://upload.wikimedia.org/wikipedia/commons/4/43/Aronia-melanocarpa-flowers.jpg,https://upload.wikimedia.org/wikipedia/commons/2/21/Aronia_melanocarpa_1.jpg,https://upload.wikimedia.org/wikipedia/commons/d/dc/Aronia_melanocarpa_var_elata_kz2.jpg,https://upload.wikimedia.org/wikipedia/commons/9/9e/Aronia_melanocarpa_cv_Rubina_P1020524.JPG,https://upload.wikimedia.org/wikipedia/commons/9/93/Aronia_melanocarpa_s%C3%BCgis_v%C3%A4rvides_estonia.JPG,https://upload.wikimedia.org/wikipedia/commons/1/12/Aronia_melanocarpa02.jpg,,,,,,,,,,
ARTEMISIA ABSINTHIUM,ABSINTHE,https://upload.wikimedia.org/wikipedia/commons/1/11/Artemisia_absinthium_01.JPG,https://upload.wikimedia.org/wikipedia/commons/1/10/Artemisia_absinthium_%2828532277412%29.jpg,https://upload.wikimedia.org/wikipedia/commons/b/b7/Artemisia_absinthium_%2828606348926%29.jpg,https://upload.wikimedia.org/wikipedia/commons/f/ff/Artemisia_absinthium_%284999002792%29.jpg,https://upload.wikimedia.org/wikipedia/commons/7/75/Artemisia_absinthium_%285018423476%29.jpg,https://upload.wikimedia.org/wikipedia/commons/0/0f/Artemisia_absinthium_sl8.jpg,https://upload.wikimedia.org/wikipedia/commons/5/57/Artemisia_absinthium_sl9.jpg,https://upload.wikimedia.org/wikipedia/commons/7/7b/Artemisia_absinthium_kz03.jpg,https://upload.wikimedia.org/wikipedia/commons/f/fc/Artemisia_absinthium_%C3%97_arborescens_kz02.jpg,,,,,,,,
ASIMINA TRILOBA,ASIMINIER,https://upload.wikimedia.org/wikipedia/commons/9/9a/Asimina_triloba_kz01.jpg,https://upload.wikimedia.org/wikipedia/commons/e/e2/Asimina_triloba1.jpg,https://upload.wikimedia.org/wikipedia/commons/e/e5/Pawpaw_-_Asimina_triloba%2C_Leesylvania_State_Park%2C_Woodbridge%2C_Virginia.jpg,https://upload.wikimedia.org/wikipedia/commons/e/e2/Asimina_triloba1.jpg,https://upload.wikimedia.org/wikipedia/commons/a/a0/Asimina_triloba_pollination.jpg,https://upload.wikimedia.org/wikipedia/commons/9/97/Asimina_triloba_2011.jpg,https://upload.wikimedia.org/wikipedia/commons/5/5d/Asimina_triloba_7zz.jpg,https://upload.wikimedia.org/wikipedia/commons/e/ef/Asimina_triloba_%28L.%29_Dunal_JdP.jpg,https://upload.wikimedia.org/wikipedia/commons/e/ea/Asimina_triloba_1zz.jpg,https://upload.wikimedia.org/wikipedia/commons/1/15/Asimina_triloba_%28Paw_Paw%29_%2835143120226%29.jpg,https://commons.wikimedia.org/wiki/File:Asimina_triloba_(Paw_Paw)_(35359613330).jpg,https://upload.wikimedia.org/wikipedia/commons/5/53/Asimina_triloba_kz02.jpg,https://upload.wikimedia.org/wikipedia/commons/9/9a/Asimina_triloba_kz01.jpg,https://upload.wikimedia.org/wikipedia/commons/d/d8/Pawpaw_-_Asimina_triloba%2C_Leesylvania_State_Park%2C_Woodbridge%2C_Virginia_-_49782975091.jpg,,,
ASTER,ASTER,https://upload.wikimedia.org/wikipedia/commons/9/92/Bloeiwijze_van_Aster_x_frikartii_%27M%C3%B6nch%27._Locatie%2C_Tuinreservaat_Jonkervallei_02.jpg,https://upload.wikimedia.org/wikipedia/commons/6/69/Berg-Aster%2C_Bl%C3%BCten.jpg,https://upload.wikimedia.org/wikipedia/commons/4/49/Aster_alpinus_RF.jpg,https://upload.wikimedia.org/wikipedia/commons/f/fc/Aster_tataricus2.jpg,https://upload.wikimedia.org/wikipedia/commons/8/8a/Aster_nowoangielski_01.jpg,https://upload.wikimedia.org/wikipedia/commons/1/1e/Aster_tataricus1.jpg,https://upload.wikimedia.org/wikipedia/commons/9/90/Aster_tataricus3.jpg,,,,,,,,,,
BAMBUSA,BAMBOUS,https://commons.wikimedia.org/wiki/File:Bamboo_bambou_bambuseae_phyllostachys_VAN_DEN_HENDE_ALAIN_CC-BY-SA-4_0_210520142038_02.jpg#/media/File:Bamboo_bambou_bambuseae_phyllostachys_VAN_DEN_HENDE_ALAIN_CC-BY-SA-4_0_210520142038_02.jpg,https://commons.wikimedia.org/wiki/File:Bamboo_bambou_bambuseae_phyllostachys_viridiglaucescens_VAN_DEN_HENDE_ALAIN_CC-BY-SA-4_0_210520142035.jpg#/media/File:Bamboo_bambou_bambuseae_phyllostachys_viridiglaucescens_VAN_DEN_HENDE_ALAIN_CC-BY-SA-4_0_210520142035.jpg,https://commons.wikimedia.org/wiki/File:Bamboo_Phyllostachys_viridiglaucescens_Alain_VanDenHende_2017061471_Bambou_Bambusoideae.jpg#/media/File:Bamboo_Phyllostachys_viridiglaucescens_Alain_VanDenHende_2017061471_Bambou_Bambusoideae.jpg,https://commons.wikimedia.org/wiki/File:Chaume_de_bambou_bamboo_stalk_VAN_DEN_HENDE_ALAIN_CC_BY_SA_40_02007.jpg#/media/File:Chaume_de_bambou_bamboo_stalk_VAN_DEN_HENDE_ALAIN_CC_BY_SA_40_02007.jpg,https://commons.wikimedia.org/wiki/File:Chaume_de_bambou_bamboo_stalk_VAN_DEN_HENDE_ALAIN_CC_BY_SA_40_02003.jpg#/media/File:Chaume_de_bambou_bamboo_stalk_VAN_DEN_HENDE_ALAIN_CC_BY_SA_40_02003.jpg,,,,,,,,,,,,
berberis spp,EPINE VINETTE,https://commons.wikimedia.org/wiki/File:Berberis_vulgaris2.jpg#/media/File:Berberis_vulgaris2.jpg,https://commons.wikimedia.org/wiki/File:Berberis_vulgaris4.jpg#/media/File:Berberis_vulgaris4.jpg,https://commons.wikimedia.org/wiki/File:Berberis_vulgaris_12.jpg#/media/File:Berberis_vulgaris_12.jpg,https://commons.wikimedia.org/wiki/File:Berberis_vulgaris_(7103334625).jpg#/media/File:Berberis_vulgaris_(7103334625).jpg,https://commons.wikimedia.org/wiki/File:Sauerdorn_(Berberis_vulgaris)_1.jpg#/media/File:Sauerdorn_(Berberis_vulgaris)_1.jpg,https://commons.wikimedia.org/wiki/File:Berberis-vulgaris.jpg#/media/File:Berberis-vulgaris.jpg,,,,,,,,,,,
BETA VULGARIS,BLETTE,https://commons.wikimedia.org/w/index.php?title=Special:Search&limit=20&offset=20&ns0=1&ns6=1&ns12=1&ns14=1&ns100=1&ns106=1&search=beta+vulgaris&advancedSearch-current={}#/media/File:Beta_vulgaris.JPG,https://commons.wikimedia.org/w/index.php?title=Special:Search&limit=20&offset=80&profile=default&search=beta+vulgaris&advancedSearch-current={}&ns0=1&ns6=1&ns12=1&ns14=1&ns100=1&ns106=1#/media/File:Beta_vulgaris_subsp._vulgaris_(Swiss_chard).JPG,https://commons.wikimedia.org/w/index.php?title=Special:Search&limit=20&offset=80&profile=default&search=beta+vulgaris&advancedSearch-current={}&ns0=1&ns6=1&ns12=1&ns14=1&ns100=1&ns106=1#/media/File:Beta_vulgaris_2010.JPG,https://commons.wikimedia.org/wiki/File:Berberis_vulgaris_kz02.jpg#/media/File:Berberis_vulgaris_kz02.jpg,https://commons.wikimedia.org/wiki/File:Berberis_vulgaris_%27Atropurpurea%27_003.JPG#/media/File:Berberis_vulgaris_'Atropurpurea'_003.JPG,,,,,,,,,,,,
BETA VULGARIS SUBSP. MARITIMA,BETTE MARITIME,https://commons.wikimedia.org/w/index.php?title=Special:Search&limit=20&offset=20&profile=default&search=Beta+vulgaris+subsp+maritima&advancedSearch-current={}&ns0=1&ns6=1&ns12=1&ns14=1&ns100=1&ns106=1#/media/File:Beta_vulgaris_subsp._maritima_en_baie_de_Saint_Brieuc.jpg,https://upload.wikimedia.org/wikipedia/commons/a/a3/Beta_vulgaris_subsp._maritima_kz4.jpg,https://commons.wikimedia.org/w/index.php?title=Special:Search&limit=20&offset=80&profile=default&search=beta+vulgaris&advancedSearch-current={}&ns0=1&ns6=1&ns12=1&ns14=1&ns100=1&ns106=1#/media/File:Beta_vulgaris_subsp._maritima_sl12.jpg,,,,,,,,,,,,,,
BETULA PUBESCENS ,"BOULEAU PUBESCENT BOULEAU BLANC",https://commons.wikimedia.org/w/index.php?title=Special:Search&limit=20&offset=20&profile=default&search=BETULA+PUBESCENS+&advancedSearch-current={}&ns0=1&ns6=1&ns12=1&ns14=1&ns100=1&ns106=1#/media/File:Betula_pubescens_0zz.jpg,https://commons.wikimedia.org/w/index.php?title=Special:Search&limit=20&offset=20&profile=default&search=BETULA+PUBESCENS+&advancedSearch-current={}&ns0=1&ns6=1&ns12=1&ns14=1&ns100=1&ns106=1#/media/File:Betula_pubescens.JPG,https://commons.wikimedia.org/w/index.php?title=Special:Search&limit=20&offset=20&profile=default&search=BETULA+PUBESCENS+&advancedSearch-current={}&ns0=1&ns6=1&ns12=1&ns14=1&ns100=1&ns106=1#/media/File:Betula_pubescens_knospe.jpeg,https://commons.wikimedia.org/w/index.php?title=Special:Search&limit=20&offset=20&profile=default&search=BETULA+PUBESCENS+&advancedSearch-current={}&ns0=1&ns6=1&ns12=1&ns14=1&ns100=1&ns106=1#/media/File:Kesu%C3%A5n_2012.jpg,https://commons.wikimedia.org/w/index.php?title=Special:Search&limit=100&offset=20&profile=default&search=BETULA+PUBESCENS+&advancedSearch-current={}&ns0=1&ns6=1&ns12=1&ns14=1&ns100=1&ns106=1#/media/File:Betula_pubescens_-_Burgwald_002.jpg,,,,,,,,,,,,
BORAGO OFFICINALIS,BOURRACHE,https://commons.wikimedia.org/w/index.php?search=BORAGO+OFFICINALIS&title=Special%3ASearch&go=Go&ns0=1&ns6=1&ns12=1&ns14=1&ns100=1&ns106=1#/media/File:Borratja_BoragoOfficinalis.jpg,"https://commons.wikimedia.org/w/index.php?search=BORAGO+OFFICINALIS&title=Special%3ASearch&go=Go&ns0=1&ns6=1&ns12=1&ns14=1&ns100=1&ns106=1#/media/File:Borago_officinalis._Locatie,_De_Kruidhof.jpg",https://commons.wikimedia.org/w/index.php?search=BORAGO+OFFICINALIS&title=Special%3ASearch&go=Go&ns0=1&ns6=1&ns12=1&ns14=1&ns100=1&ns106=1#/media/File:Borago_05.jpg,https://commons.wikimedia.org/w/index.php?title=Special:Search&limit=20&offset=20&profile=default&search=BORAGO+OFFICINALIS&advancedSearch-current={}&ns0=1&ns6=1&ns12=1&ns14=1&ns100=1&ns106=1#/media/File:Borage-overv-hr.jpg,,,,,,,,,,,,,
brassica oleracea 'daubenton',CHOUX VIVACE,https://commons.wikimedia.org/w/index.php?search=BRASSICA+OLERACEA&title=Special%3ASearch&go=Go&ns0=1&ns6=1&ns12=1&ns14=1&ns100=1&ns106=1#/media/File:Brassica_oleracea_var._costata_-_Madeira_01.jpg,https://commons.wikimedia.org/w/index.php?search=BRASSICA+OLERACEA&title=Special%3ASearch&go=Go&ns0=1&ns6=1&ns12=1&ns14=1&ns100=1&ns106=1#/media/File:Brassica_oleracea_Cauliflower_Bloemkool_stikstofgebrek.jpg,https://commons.wikimedia.org/w/index.php?search=BRASSICA+OLERACEA&title=Special%3ASearch&go=Go&ns0=1&ns6=1&ns12=1&ns14=1&ns100=1&ns106=1#/media/File:Brassica_oleracea_Boerenkool_bloei_(1).jpg,,,,,,,,,,,,,,
BUNIUM BULBOCASTANUM,CHATAIGNE DE TERRE,https://commons.wikimedia.org/w/index.php?title=Special:Search&limit=20&offset=0&profile=default&search=BUNIUM+BULBOCASTANUM&advancedSearch-current={}&ns0=1&ns6=1&ns12=1&ns14=1&ns100=1&ns106=1#/media/File:Bunium_bulbocastanum_RH_(21).jpg,https://commons.wikimedia.org/w/index.php?search=BUNIUM+BULBOCASTANUM&title=Special%3ASearch&go=Go&ns0=1&ns6=1&ns12=1&ns14=1&ns100=1&ns106=1#/media/File:Bunium_bulbocastanum_RH_(19).jpg,https://commons.wikimedia.org/w/index.php?search=BUNIUM+BULBOCASTANUM&title=Special%3ASearch&go=Go&ns0=1&ns6=1&ns12=1&ns14=1&ns100=1&ns106=1#/media/File:Bunium_bulbocastanum_RH_(6).jpg,,,,,,,,,,,,,,
BUXUS SEMPERVIRENS,BUIS,https://commons.wikimedia.org/w/index.php?title=Special:Search&limit=50&offset=20&profile=default&search=buxus+sempervirens&advancedSearch-current=%7B%7D&ns0=1&ns6=1&ns12=1&ns14=1&ns100=1&ns106=1#/media/File:Buxus_sempervirens_pyramidalis_0zz.jpg,https://upload.wikimedia.org/wikipedia/commons/c/c9/Buxus_sempervirens%2C_Buchskugeln.jpg,https://upload.wikimedia.org/wikipedia/commons/9/9e/Gew%C3%B6hnlicher_Buchsbaum%2C_Buxus_sempervirens.JPG,https://upload.wikimedia.org/wikipedia/commons/c/c6/Buxus_sempervirens_B.jpg,,,,,,,,,,,,,
CALENDULA OFFICINALIS,SOUCIS,https://commons.wikimedia.org/w/index.php?search=CALENDULA+OFFICINALIS&title=Special:Search&go=Go&ns0=1&ns6=1&ns12=1&ns14=1&ns100=1&ns106=1#/media/File:Calendula_officinalis3.jpg,https://commons.wikimedia.org/w/index.php?search=CALENDULA+OFFICINALIS&title=Special:Search&go=Go&ns0=1&ns6=1&ns12=1&ns14=1&ns100=1&ns106=1#/media/File:Calendula_officinalis_macro_image.jpg,https://commons.wikimedia.org/w/index.php?search=CALENDULA+OFFICINALIS&title=Special:Search&go=Go&ns0=1&ns6=1&ns12=1&ns14=1&ns100=1&ns106=1#/media/File:Calendula_officinalis_(.jpg,https://commons.wikimedia.org/w/index.php?search=CALENDULA+OFFICINALIS&title=Special:Search&go=Go&ns0=1&ns6=1&ns12=1&ns14=1&ns100=1&ns106=1#/media/File:Zaaddoos_van_een_goudsbloem_(Calendula_officinalis)_11-09-2020_(d.j.b.).jpg,,,,,,,,,,,,,"CALLUNA VULGARIS
CALLUNA VULGARIS,BRUYÈRE,https://upload.wikimedia.org/wikipedia/commons/3/33/Caluna_vulgaris_IMG_6909%5E.jpg,https://upload.wikimedia.org/wikipedia/commons/9/9b/Caluna_vulgaris.jpg,,,,,,,,,,,,,,,
CAMPANULA LACTIFLORA,CAMPANULES VIVACES,https://commons.wikimedia.org/wiki/Campanula_lactiflora#/media/File:Campanula_lactiflora_Loddon_B.jpg,https://commons.wikimedia.org/wiki/Campanula_lactiflora#/media/File:Campanula_lactiflora_1.jpg,https://commons.wikimedia.org/wiki/Campanula_lactiflora#/media/File:Campanula_lactiflora_Loddon_C.jpg,https://commons.wikimedia.org/wiki/Campanula_lactiflora#/media/File:Campanula_lactiflora_Loddon_A.jpg,https://commons.wikimedia.org/wiki/Campanula_lactiflora#/media/File:Campanula_lactiflora_2.jpg,,,,,,,,,,,,
CARAGANA ARBORESCENS,CARAGANIER DE SIBERIE / ACACIA JAUNE,"https://commons.wikimedia.org/w/index.php?title=Special:Search&limit=20&offset=40&profile=default&search=CARAGANA+ARBORESCENS&advancedSearch-current={}&ns0=1&ns6=1&ns12=1&ns14=1&ns100=1&ns106=1#/media/File:Tab%C3%A1ni_Park_Botanikai_Tan%C3%B6sv%C3%A9ny._Bors%C3%B3fa,_karak%C3%A1ncserje_(Caragana_arborescens)._-_Budapest.JPG",https://commons.wikimedia.org/w/index.php?search=CARAGANA+ARBORESCENS&title=Special%3ASearch&go=Go&ns0=1&ns6=1&ns12=1&ns14=1&ns100=1&ns106=1#/media/File:Caragana_arborescens_f005.jpg,https://commons.wikimedia.org/w/index.php?search=CARAGANA+ARBORESCENS&title=Special%3ASearch&go=Go&ns0=1&ns6=1&ns12=1&ns14=1&ns100=1&ns106=1#/media/File:Caragana_arborescens_f004.jpg,https://commons.wikimedia.org/w/index.php?search=CARAGANA+ARBORESCENS&title=Special%3ASearch&go=Go&ns0=1&ns6=1&ns12=1&ns14=1&ns100=1&ns106=1#/media/File:Caragana_arborescens_kz01.jpg,https://commons.wikimedia.org/w/index.php?title=Special:Search&limit=20&offset=20&profile=default&search=CARAGANA+ARBORESCENS&advancedSearch-current={}&ns0=1&ns6=1&ns12=1&ns14=1&ns100=1&ns106=1#/media/File:Caragana_arborescens_Walker_2017-05-06_9862.jpg,https://commons.wikimedia.org/w/index.php?title=Special:Search&limit=20&offset=0&profile=default&search=CARAGANA+ARBORESCENS&advancedSearch-current={}&ns0=1&ns6=1&ns12=1&ns14=1&ns100=1&ns106=1#/media/File:Caragana_arborescens_kz02.jpg,,,,,,,,,,,
CARPINUS BETULUS,CHARME,https://upload.wikimedia.org/wikipedia/commons/f/fc/Carpinus_betulus_in_summer.jpg,https://upload.wikimedia.org/wikipedia/commons/e/eb/Haagbeuk_dubbelgezaagd_blad_Carpinus_betulus.jpg,https://commons.wikimedia.org/wiki/File:Carpinus-betulus-hanrakler.JPG#/media/File:Carpinus-betulus-hanrakler.JPG,https://commons.wikimedia.org/wiki/File:Kwiatostan_grabu_pospolitego_(Carpinus_betulus_l.).jpg#/media/File:Kwiatostan_grabu_pospolitego_(Carpinus_betulus_l.).jpg,https://commons.wikimedia.org/wiki/File:Baden-Baden-Carpinus_betulus-36-Hainbuche-Trieb-2012-gje.jpg#/media/File:Baden-Baden-Carpinus_betulus-36-Hainbuche-Trieb-2012-gje.jpg,,,,,,,,,,,,
CASSIA CORYMBOSA,"CASSIE, SENNÉ",https://upload.wikimedia.org/wikipedia/commons/8/8e/Cassia_corymbosa.jpeg,https://upload.wikimedia.org/wikipedia/commons/7/7c/Cassia_corymbosa-3.jpg,https://commons.wikimedia.org/wiki/File:Senna_corymbosa_(14979984571).jpg#/media/File:Senna_corymbosa_(14979984571).jpg,,,,,,,,,,,,,,
CASTANEA SATIVA,CHÂTAIGNIERS,https://upload.wikimedia.org/wikipedia/commons/b/bf/Edelkastanie_%28Castanea_sativa%29_1.jpg,https://upload.wikimedia.org/wikipedia/commons/7/7d/Noordwijk_-_Tamme_kastanje_%28Castanea_sativa%29.jpg,https://upload.wikimedia.org/wikipedia/commons/9/90/Castanea_sativa_20050703_433.jpg,https://upload.wikimedia.org/wikipedia/commons/7/7e/Fagales_-_Castanea_sativa_-_1.jpg,,,,,,,,,,,,,
CEANOTHUS THYRSIFLORUS ,LILAS DE CALIFORNIE,https://commons.wikimedia.org/wiki/Ceanothus_thyrsiflorus#/media/File:Ceanothus_thyrsiflorus.jpg,https://commons.wikimedia.org/wiki/Ceanothus_thyrsiflorus#/media/File:Ceanothus_thyrsiflorus_'Repens'.jpg,https://commons.wikimedia.org/wiki/Ceanothus_thyrsiflorus#/media/File:Ceanothus_thyrsiflorus_5.jpg,https://commons.wikimedia.org/wiki/Ceanothus_thyrsiflorus#/media/File:Ceanothus_thyrsiflorus_6.jpg,,,,,,,,,,,,,
CENTRANTHUS RUBER,VALERIANE ROUGE,https://commons.wikimedia.org/w/index.php?search=Centranthus%20ruber&title=Special%3ASearch&ns0=1&ns6=1&ns12=1&ns14=1&ns100=1&ns106=1#/media/File:Centranthus_ruber_001.JPG,https://commons.wikimedia.org/w/index.php?search=Centranthus%20ruber&title=Special%3ASearch&ns0=1&ns6=1&ns12=1&ns14=1&ns100=1&ns106=1#/media/File:Centranthus_ruber_002.JPG,https://commons.wikimedia.org/w/index.php?search=Centranthus%20ruber&title=Special%3ASearch&ns0=1&ns6=1&ns12=1&ns14=1&ns100=1&ns106=1#/media/File:Knop_van_spoorbloem_(Centranthus_ruber)_02.JPG,"https://commons.wikimedia.org/w/index.php?search=Centranthus%20ruber&title=Special%3ASearch&ns0=1&ns6=1&ns12=1&ns14=1&ns100=1&ns106=1#/media/File:Centranthus_ruber,_S%C3%A8te_01.jpg",,,,,,,,,,,,,
CERCIS SILIQUASTRUM,ARBRE DE JUDEE,https://commons.wikimedia.org/w/index.php?title=Special:Search&limit=20&offset=40&profile=default&search=CERCIS+SILIQUASTRUM&advancedSearch-current={}&ns0=1&ns6=1&ns12=1&ns14=1&ns100=1&ns106=1#/media/File:Cercis_siliquastrum_-_Erguvan_03.jpg,https://commons.wikimedia.org/w/index.php?search=CERCIS+SILIQUASTRUM&title=Special:Search&profile=advanced&fulltext=1&advancedSearch-current=%7B%7D&ns0=1&ns6=1&ns12=1&ns14=1&ns100=1&ns106=1#/media/File:Cercis_siliquastrum_alba.jpg,"https://commons.wikimedia.org/w/index.php?search=CERCIS+SILIQUASTRUM&title=Special:Search&profile=advanced&fulltext=1&advancedSearch-current=%7B%7D&ns0=1&ns6=1&ns12=1&ns14=1&ns100=1&ns106=1#/media/File:Cercis_siliquastrum_bark,_Varna_2.jpg",https://commons.wikimedia.org/w/index.php?search=CERCIS+SILIQUASTRUM&title=Special:Search&profile=advanced&fulltext=1&advancedSearch-current=%7B%7D&ns0=1&ns6=1&ns12=1&ns14=1&ns100=1&ns106=1#/media/File:Cercis_siliquastrum_or_Judas_tree_in_Yerevan_02.jpg,https://commons.wikimedia.org/w/index.php?title=Special:Search&limit=20&offset=20&ns0=1&ns6=1&ns12=1&ns14=1&ns100=1&ns106=1&search=CERCIS+SILIQUASTRUM&advancedSearch-current={}#/media/File:Flowering_of_Cercis_siliquastrum_in_the_'Parco_delle_Valli'_urban_park.jpg,"https://commons.wikimedia.org/w/index.php?title=Special:Search&limit=20&offset=20&ns0=1&ns6=1&ns12=1&ns14=1&ns100=1&ns106=1&search=CERCIS+SILIQUASTRUM&advancedSearch-current={}#/media/File:Cercis_siliquastrum,_For%C3%AAt_domaniale_de_S%C3%A8te,_leaves_01.jpg",https://commons.wikimedia.org/w/index.php?title=Special:Search&limit=20&offset=40&profile=default&search=CERCIS+SILIQUASTRUM&advancedSearch-current={}&ns0=1&ns6=1&ns12=1&ns14=1&ns100=1&ns106=1#/media/File:Cercis_siliquastrum_-_Erguvan_03.jpg,,,,,,,,,,
CHAENOMELES SPP,COGNASSIER DU JAPON,"https://commons.wikimedia.org/wiki/File:Ruhland,_Grenzstr._3,_Japanische_Zierquitte_im_Garten,_Fr%C3%BCchte_am_Zweig,_Herbst,_02.jpg#/media/File:Ruhland,_Grenzstr._3,_Japanische_Zierquitte_im_Garten,_Früchte_am_Zweig,_Herbst,_02.jpg",https://commons.wikimedia.org/w/index.php?title=Special:Search&limit=20&offset=0&profile=default&search=COGNASSIER+DU+JAPON&advancedSearch-current={}&ns0=1&ns6=1&ns12=1&ns14=1&ns100=1&ns106=1#/media/File:Cognassier_du_Japon_Dublin_printemps.jpg,https://commons.wikimedia.org/w/index.php?search=COGNASSIER+DU+JAPON&title=Special:Search&profile=advanced&fulltext=1&advancedSearch-current=%7B%7D&ns0=1&ns6=1&ns12=1&ns14=1&ns100=1&ns106=1#/media/File:Cognassier_du_Japon_boutons.JPG,https://commons.wikimedia.org/w/index.php?title=Special:Search&limit=20&offset=0&profile=default&search=COGNASSIER+DU+JAPON&advancedSearch-current={}&ns0=1&ns6=1&ns12=1&ns14=1&ns100=1&ns106=1#/media/File:Cognassier_du_Japon_Dublin_Fleur.jpg,"https://commons.wikimedia.org/wiki/File:Ruhland,_Grenzstr._3,_Japanische_Zierquitte_im_Garten,_Fr%C3%BCchte_am_Zweig,_Herbst,_01.jpg#/media/File:Ruhland,_Grenzstr._3,_Japanische_Zierquitte_im_Garten,_Früchte_am_Zweig,_Herbst,_01.jpg",https://commons.wikimedia.org/wiki/File:Chaenomeles_japonica_flowers_03.JPG#/media/File:Chaenomeles_japonica_flowers_03.JPG,,,,,,,,,,,
citrus ichangensis × citrus reticulata var.austera,https://commons.wikimedia.org/wiki/File:Yuzutreeikeda.png#/media/File:Yuzutreeikeda.png,https://commons.wikimedia.org/wiki/File:Yuzu_(1-1_aspect_ratio).jpg#/media/File:Yuzu_(1-1_aspect_ratio).jpg,https://commons.wikimedia.org/wiki/File:Couplage_2_a_2_sur_yuzu.jpg#/media/File:Couplage_2_a_2_sur_yuzu.jpg,https://commons.wikimedia.org/wiki/File:Yuzu_zrel%C3%A9.jpg#/media/File:Yuzu_zrelé.jpg,https://commons.wikimedia.org/wiki/File:Kyoto_Mizuo_Yuzu_Fields_2013-09.JPG#/media/File:Kyoto_Mizuo_Yuzu_Fields_2013-09.JPG,,,,,,,,,,,,
COLUTEA ARBORESCENS,BAGUENAUDIER,https://commons.wikimedia.org/w/index.php?title=Special:Search&limit=20&offset=40&profile=default&search=COLUTEA+ARBORESCENS&advancedSearch-current={}&ns0=1&ns6=1&ns12=1&ns14=1&ns100=1&ns106=1#/media/File:Colutea_arborescens_sl1.jpg,https://commons.wikimedia.org/w/index.php?search=COLUTEA+ARBORESCENS&title=Special:Search&profile=advanced&fulltext=1&advancedSearch-current=%7B%7D&ns0=1&ns6=1&ns12=1&ns14=1&ns100=1&ns106=1#/media/File:Colutea_arborescens_sl10.jpg,https://commons.wikimedia.org/w/index.php?search=COLUTEA+ARBORESCENS&title=Special:Search&profile=advanced&fulltext=1&advancedSearch-current=%7B%7D&ns0=1&ns6=1&ns12=1&ns14=1&ns100=1&ns106=1#/media/File:Colutea_arborescens_1_bialowieza_beentree.jpg,https://commons.wikimedia.org/w/index.php?search=COLUTEA+ARBORESCENS&title=Special:Search&profile=advanced&fulltext=1&advancedSearch-current=%7B%7D&ns0=1&ns6=1&ns12=1&ns14=1&ns100=1&ns106=1#/media/File:Colutea_arborescens_2_bialowieza_beentree.jpg,https://commons.wikimedia.org/w/index.php?search=COLUTEA+ARBORESCENS&title=Special:Search&profile=advanced&fulltext=1&advancedSearch-current=%7B%7D&ns0=1&ns6=1&ns12=1&ns14=1&ns100=1&ns106=1#/media/File:Colutea_arborescens_1578.jpg,https://commons.wikimedia.org/w/index.php?search=COLUTEA+ARBORESCENS&title=Special:Search&profile=advanced&fulltext=1&advancedSearch-current=%7B%7D&ns0=1&ns6=1&ns12=1&ns14=1&ns100=1&ns106=1#/media/File:Colutea_arborescens_sl3.jpg,https://commons.wikimedia.org/w/index.php?title=Special:Search&limit=20&offset=20&ns0=1&ns6=1&ns12=1&ns14=1&ns100=1&ns106=1&search=COLUTEA+ARBORESCENS&advancedSearch-current={}#/media/File:Colutea_arborescens_1783.jpg,,,,,,,,,,
CORNUS MAS,CORNOUILLER MALE,https://commons.wikimedia.org/w/index.php?search=cornus+mas&title=Special:Search&profile=advanced&fulltext=1&advancedSearch-current=%7B%7D&ns0=1&ns6=1&ns12=1&ns14=1&ns100=1&ns106=1#/media/File:Baden-Baden-Cornus_mas-20-Kornelkirsche-Michaelsberg-2015-gje.jpg,https://commons.wikimedia.org/w/index.php?title=Special:Search&limit=20&offset=20&ns0=1&ns6=1&ns12=1&ns14=1&ns100=1&ns106=1&search=cornus+mas&advancedSearch-current={}#/media/File:Baden-Baden-Cornus_mas-14-Kornelkirsche-Michaelsberg-2014-gje.jpg,https://commons.wikimedia.org/w/index.php?search=cornus+mas&title=Special:Search&profile=advanced&fulltext=1&advancedSearch-current=%7B%7D&ns0=1&ns6=1&ns12=1&ns14=1&ns100=1&ns106=1#/media/File:Cornus_mas_flowers.jpg,https://commons.wikimedia.org/w/index.php?search=cornus+mas&title=Special:Search&profile=advanced&fulltext=1&advancedSearch-current=%7B%7D&ns0=1&ns6=1&ns12=1&ns14=1&ns100=1&ns106=1#/media/File:Baden-Baden-Cornus_mas-46-Kornelkirsche-Bluete-2015-gje.jpg,https://commons.wikimedia.org/w/index.php?title=Special:Search&limit=20&offset=20&ns0=1&ns6=1&ns12=1&ns14=1&ns100=1&ns106=1&search=cornus+mas&advancedSearch-current={}#/media/File:Baden-Baden-Cornus_mas-32-Kornelkirsche-Bluete-2012-gje.jpg,https://commons.wikimedia.org/w/index.php?title=Special:Search&limit=20&offset=20&ns0=1&ns6=1&ns12=1&ns14=1&ns100=1&ns106=1&search=cornus+mas&advancedSearch-current={}#/media/File:Baden-Baden-Cornus_mas-84-Kornelkirsche-Michaelsberg-Frucht-2012-gje.jpg,https://commons.wikimedia.org/w/index.php?title=Special:Search&limit=20&offset=20&ns0=1&ns6=1&ns12=1&ns14=1&ns100=1&ns106=1&search=cornus+mas&advancedSearch-current={}#/media/File:Baden-Baden-Cornus_mas-70-Kornelkirsche-Blatt-2012-gje.jpg,,,,,,,,,,
CORONILLA VALENTINA,CORONILLE,https://commons.wikimedia.org/w/index.php?search=CORONILLA+VALENTINA&title=Special:Search&profile=advanced&fulltext=1&advancedSearch-current=%7B%7D&ns0=1&ns6=1&ns12=1&ns14=1&ns100=1&ns106=1#/media/File:Coronilla_valentina-Coronille_glauque-20140415.jpg,https://commons.wikimedia.org/w/index.php?search=CORONILLA+VALENTINA&title=Special:Search&profile=advanced&fulltext=1&advancedSearch-current=%7B%7D&ns0=1&ns6=1&ns12=1&ns14=1&ns100=1&ns106=1#/media/File:Coronilla_valentina_170208.jpg,https://commons.wikimedia.org/w/index.php?search=CORONILLA+VALENTINA&title=Special:Search&profile=advanced&fulltext=1&advancedSearch-current=%7B%7D&ns0=1&ns6=1&ns12=1&ns14=1&ns100=1&ns106=1#/media/File:Coronilla_valentina_RF.jpg,https://commons.wikimedia.org/w/index.php?search=CORONILLA+VALENTINA&title=Special:Search&profile=advanced&fulltext=1&advancedSearch-current=%7B%7D&ns0=1&ns6=1&ns12=1&ns14=1&ns100=1&ns106=1#/media/File:Coronilla_Valentina_Glauca.jpg,https://commons.wikimedia.org/w/index.php?search=CORONILLA+VALENTINA&title=Special:Search&profile=advanced&fulltext=1&advancedSearch-current=%7B%7D&ns0=1&ns6=1&ns12=1&ns14=1&ns100=1&ns106=1#/media/File:Coronilla_valentina_glauca-Feuilles-20140415.jpg,https://commons.wikimedia.org/w/index.php?title=Special:Search&limit=20&offset=20&ns0=1&ns6=1&ns12=1&ns14=1&ns100=1&ns106=1&search=CORONILLA+VALENTINA&advancedSearch-current={}#/media/File:Coronilla_valentina_subsp._glauca_(Jardin_des_Plantes_de_Paris).jpg,,,,,,,,,,,
CORYLUS AVELANA,NOISETIER,https://commons.wikimedia.org/wiki/File:Corylus_avellana_flower_hoarfrost_02-20200102-RM-112558.jpg#/media/File:Corylus_avellana_flower_hoarfrost_02-20200102-RM-112558.jpg,https://commons.wikimedia.org/w/index.php?search=CORYLUS+AVELANA&title=Special:Search&profile=advanced&fulltext=1&advancedSearch-current=%7B%7D&ns0=1&ns6=1&ns12=1&ns14=1&ns100=1&ns106=1#/media/File:Corylus_July_2013-1.jpg,https://commons.wikimedia.org/w/index.php?search=CORYLUS+AVELANA&title=Special:Search&profile=advanced&fulltext=1&advancedSearch-current=%7B%7D&ns0=1&ns6=1&ns12=1&ns14=1&ns100=1&ns106=1#/media/File:Corylus_avelana_(Corylaceae).jpg,https://commons.wikimedia.org/wiki/File:Corylus_avellana_nuts.JPG#/media/File:Corylus_avellana_nuts.JPG,https://commons.wikimedia.org/wiki/File:Corylus_avellana._Hazel._Female_flower_-_stigmas.jpg#/media/File:Corylus_avellana._Hazel._Female_flower_-_stigmas.jpg,"https://commons.wikimedia.org/wiki/File:Corylus_avellana_showing_secondary_stems._Holehouse_Holm,_River_Ayr,_East_Ayrshire.jpg#/media/File:Corylus_avellana_showing_secondary_stems._Holehouse_Holm,_River_Ayr,_East_Ayrshire.jpg",https://commons.wikimedia.org/wiki/File:Hasselblade.jpg#/media/File:Hasselblade.jpg,,,,,,,,,,
CORYLUS COLURNA,NOISETIER DE BYZANCE,https://commons.wikimedia.org/w/index.php?title=Special:Search&limit=20&offset=20&ns0=1&ns6=1&ns12=1&ns14=1&ns100=1&ns106=1&search=CORYLUS+COLURNA&advancedSearch-current={}#/media/File:Corylus_colurna_(1).JPG,https://commons.wikimedia.org/w/index.php?search=CORYLUS+COLURNA&title=Special:Search&profile=advanced&fulltext=1&advancedSearch-current=%7B%7D&ns0=1&ns6=1&ns12=1&ns14=1&ns100=1&ns106=1#/media/File:Corylus_colurna_JPG.jpg,https://commons.wikimedia.org/w/index.php?search=CORYLUS+COLURNA&title=Special:Search&profile=advanced&fulltext=1&advancedSearch-current=%7B%7D&ns0=1&ns6=1&ns12=1&ns14=1&ns100=1&ns106=1#/media/File:TurkHazel.jpg,https://commons.wikimedia.org/w/index.php?search=CORYLUS+COLURNA&title=Special:Search&profile=advanced&fulltext=1&advancedSearch-current=%7B%7D&ns0=1&ns6=1&ns12=1&ns14=1&ns100=1&ns106=1#/media/File:Corylus_colurna_(118).JPG,https://commons.wikimedia.org/w/index.php?title=Special:Search&limit=20&offset=20&ns0=1&ns6=1&ns12=1&ns14=1&ns100=1&ns106=1&search=CORYLUS+COLURNA&advancedSearch-current={}#/media/File:Corylus_colurna_RBG2.jpg,"https://commons.wikimedia.org/wiki/File:Male_and_female_Hazel_or_Cob_(Corylus_avellana)_flowers,_Stewarton,_Ayrshire.jpg#/media/File:Male_and_female_Hazel_or_Cob_(Corylus_avellana)_flowers,_Stewarton,_Ayrshire.jpg",,,,,,,,,,,
CRAMBE MARITIMA,CRAMBE MARITIME,https://commons.wikimedia.org/w/index.php?search=CRAMBE+MARITIMA&title=Special:Search&profile=advanced&fulltext=1&advancedSearch-current=%7B%7D&ns0=1&ns6=1&ns12=1&ns14=1&ns100=1&ns106=1#/media/File:Crambe_maritima_P5300823jm.JPG,https://commons.wikimedia.org/w/index.php?search=CRAMBE+MARITIMA&title=Special:Search&profile=advanced&fulltext=1&advancedSearch-current=%7B%7D&ns0=1&ns6=1&ns12=1&ns14=1&ns100=1&ns106=1#/media/File:Crambe_maritima_kz13.jpg,https://commons.wikimedia.org/w/index.php?search=CRAMBE+MARITIMA&title=Special:Search&profile=advanced&fulltext=1&advancedSearch-current=%7B%7D&ns0=1&ns6=1&ns12=1&ns14=1&ns100=1&ns106=1#/media/File:Strandk%C3%A5l.jpg,https://commons.wikimedia.org/w/index.php?search=CRAMBE+MARITIMA&title=Special:Search&profile=advanced&fulltext=1&advancedSearch-current=%7B%7D&ns0=1&ns6=1&ns12=1&ns14=1&ns100=1&ns106=1#/media/File:Crambe_maritima_(18312522922).jpg,https://commons.wikimedia.org/w/index.php?title=Special:Search&limit=20&offset=20&ns0=1&ns6=1&ns12=1&ns14=1&ns100=1&ns106=1&search=CRAMBE+MARITIMA&advancedSearch-current={}#/media/File:Crambe_maritima_flowers_062811.jpg,,,,,,,,,,,,
CRATAEGUS MONOGYNA,"AUBEPINE ""FRUITIERE""",https://commons.wikimedia.org/w/index.php?title=Special:Search&limit=20&offset=20&ns0=1&ns6=1&ns12=1&ns14=1&ns100=1&ns106=1&search=CRATAEGUS+MONOGYNA&advancedSearch-current={}#/media/File:Crataegus_monogyna_subsp._monogyna_sl4.jpg,https://commons.wikimedia.org/w/index.php?title=Special:Search&limit=20&offset=20&ns0=1&ns6=1&ns12=1&ns14=1&ns100=1&ns106=1&search=CRATAEGUS+MONOGYNA&advancedSearch-current={}#/media/File:Crataegus_monogyna_2.jpg,https://commons.wikimedia.org/w/index.php?search=CRATAEGUS+MONOGYNA&title=Special:Search&profile=advanced&fulltext=1&advancedSearch-current=%7B%7D&ns0=1&ns6=1&ns12=1&ns14=1&ns100=1&ns106=1#/media/File:Crataegus-monogyna-frugt.JPG,https://commons.wikimedia.org/w/index.php?search=CRATAEGUS+MONOGYNA&title=Special:Search&profile=advanced&fulltext=1&advancedSearch-current=%7B%7D&ns0=1&ns6=1&ns12=1&ns14=1&ns100=1&ns106=1#/media/File:Crataegus_monogyna_8.jpg,https://commons.wikimedia.org/w/index.php?search=CRATAEGUS+MONOGYNA&title=Special:Search&profile=advanced&fulltext=1&advancedSearch-current=%7B%7D&ns0=1&ns6=1&ns12=1&ns14=1&ns100=1&ns106=1#/media/File:Crataegus_monogyna(01).jpg,https://commons.wikimedia.org/w/index.php?title=Special:Search&limit=20&offset=40&profile=default&search=CRATAEGUS+MONOGYNA&advancedSearch-current={}&ns0=1&ns6=1&ns12=1&ns14=1&ns100=1&ns106=1#/media/File:Crataegus_monogyna_subsp._monogyna_sl6.jpg,,,,,,,,,,,
CYDONIA OBLONGA,COGNASSIER,https://commons.wikimedia.org/w/index.php?title=Special:Search&limit=20&offset=80&profile=default&search=CYDONIA+OBLONGA&advancedSearch-current={}&ns0=1&ns6=1&ns12=1&ns14=1&ns100=1&ns106=1#/media/File:Quittenbaum_cydonia_oblonga.jpg,"https://commons.wikimedia.org/w/index.php?search=CYDONIA+OBLONGA&title=Special:Search&profile=advanced&fulltext=1&advancedSearch-current=%7B%7D&ns0=1&ns6=1&ns12=1&ns14=1&ns100=1&ns106=1#/media/File:Cydonia_oblonga,_2006-10-18.jpg",https://commons.wikimedia.org/w/index.php?search=CYDONIA+OBLONGA&title=Special:Search&profile=advanced&fulltext=1&advancedSearch-current=%7B%7D&ns0=1&ns6=1&ns12=1&ns14=1&ns100=1&ns106=1#/media/File:Cydonia-oblonga-flower.JPG,https://commons.wikimedia.org/w/index.php?search=CYDONIA+OBLONGA&title=Special:Search&profile=advanced&fulltext=1&advancedSearch-current=%7B%7D&ns0=1&ns6=1&ns12=1&ns14=1&ns100=1&ns106=1#/media/File:Cydonia_oblonga_04.JPG,https://commons.wikimedia.org/w/index.php?search=CYDONIA+OBLONGA&title=Special:Search&profile=advanced&fulltext=1&advancedSearch-current=%7B%7D&ns0=1&ns6=1&ns12=1&ns14=1&ns100=1&ns106=1#/media/File:Cydonia_oblonga_fruit.jpg,https://commons.wikimedia.org/w/index.php?title=Special:Search&limit=20&offset=20&ns0=1&ns6=1&ns12=1&ns14=1&ns100=1&ns106=1&search=CYDONIA+OBLONGA&advancedSearch-current={}#/media/File:Cydonia_oblonga_03.JPG,,,,,,,,,,,
CYNARA CARDUNCULUS,CARDON,https://commons.wikimedia.org/w/index.php?title=Special:Search&limit=20&offset=20&ns0=1&ns6=1&ns12=1&ns14=1&ns100=1&ns106=1&search=CYNARA+CARDUNCULUS&advancedSearch-current={}#/media/File:Cynara_cardunculus_flavescens_(20096608015).jpg,https://commons.wikimedia.org/w/index.php?search=CYNARA+CARDUNCULUS&title=Special:Search&profile=advanced&fulltext=1&advancedSearch-current=%7B%7D&ns0=1&ns6=1&ns12=1&ns14=1&ns100=1&ns106=1#/media/File:Cardoon_Bud_--_Cynara_cardunculus.jpg,https://commons.wikimedia.org/w/index.php?search=CYNARA+CARDUNCULUS&title=Special:Search&profile=advanced&fulltext=1&advancedSearch-current=%7B%7D&ns0=1&ns6=1&ns12=1&ns14=1&ns100=1&ns106=1#/media/File:Cardoon_--_Cynara_cardunculus.jpg,https://commons.wikimedia.org/w/index.php?search=CYNARA+CARDUNCULUS&title=Special:Search&profile=advanced&fulltext=1&advancedSearch-current=%7B%7D&ns0=1&ns6=1&ns12=1&ns14=1&ns100=1&ns106=1#/media/File:Cynara_cardunculus_004.JPG,https://commons.wikimedia.org/w/index.php?title=Special:Search&limit=20&offset=20&ns0=1&ns6=1&ns12=1&ns14=1&ns100=1&ns106=1&search=CYNARA+CARDUNCULUS&advancedSearch-current={}#/media/File:Artichoke_Cynara_cardunculus_Plants_2000px.jpg,https://commons.wikimedia.org/w/index.php?title=Special:Search&limit=20&offset=20&ns0=1&ns6=1&ns12=1&ns14=1&ns100=1&ns106=1&search=CYNARA+CARDUNCULUS&advancedSearch-current={}#/media/File:Cynara_cardunculus_9zz.jpg,,,,,,,,,,,
CYPERUS ESCULENTUS,SOUCHET COMESTIBLE,https://upload.wikimedia.org/wikipedia/commons/thumb/f/f0/Cyperus_esculentus%2C_habitus%2C_Dewetsnek%2C_a.jpg/120px-Cyperus_esculentus%2C_habitus%2C_Dewetsnek%2C_a.jpg,https://upload.wikimedia.org/wikipedia/commons/thumb/3/31/Cyperus_esculentus_012.jpg/120px-Cyperus_esculentus_012.jpg,https://upload.wikimedia.org/wikipedia/commons/thumb/8/86/Cyperus_esculentus_03038.jpg/120px-Cyperus_esculentus_03038.jpg,,,,,,,,,,,,,,
DIANTHUS,ŒILLET,https://upload.wikimedia.org/wikipedia/commons/thumb/f/fc/Dianthus_carthusianorum_Neulengbach_20160611_01.jpg/120px-Dianthus_carthusianorum_Neulengbach_20160611_01.jpg,https://commons.wikimedia.org/wiki/File:Dianthus_carthusianorum_4.jpg#/media/File:Dianthus_carthusianorum_4.jpg,https://commons.wikimedia.org/wiki/File:Dianthus_superbus_190803.jpg#/media/File:Dianthus_superbus_190803.jpg,https://commons.wikimedia.org/wiki/File:Oeillet_des_Pyrenees_Dianthus_hyssopifolius.jpg#/media/File:Oeillet_des_Pyrenees_Dianthus_hyssopifolius.jpg,,,,,,,,,,,,,
DIOSPYROS KAKI,PLAQUEMINIER DE CHINE,https://upload.wikimedia.org/wikipedia/commons/thumb/3/3d/Diospyros_kaki1.jpg/120px-Diospyros_kaki1.jpg,https://upload.wikimedia.org/wikipedia/commons/thumb/9/95/Diospyros_kaki2.jpg/120px-Diospyros_kaki2.jpg,https://upload.wikimedia.org/wikipedia/commons/thumb/7/7f/Kaki_20041002.jpg/120px-Kaki_20041002.jpg,https://upload.wikimedia.org/wikipedia/commons/thumb/5/5d/Caqui_chocolate_em_fundo_preto_03.jpg/99px-Caqui_chocolate_em_fundo_preto_03.jpg,,,,,,,,,,,,,
DIPLOTAXIS TENUIFOLIA,ROQUETTE VIVACE,https://upload.wikimedia.org/wikipedia/commons/thumb/1/1b/Diplotaxis_tenuifolia_RF.jpg/120px-Diplotaxis_tenuifolia_RF.jpg,https://upload.wikimedia.org/wikipedia/commons/thumb/1/19/Diplotaxis_tenuifolia_910.jpg/120px-Diplotaxis_tenuifolia_910.jpg,https://commons.wikimedia.org/wiki/File:Diplotaxis_tenuifolia_IP0209094.jpg#/media/File:Diplotaxis_tenuifolia_IP0209094.jpg,https://commons.wikimedia.org/wiki/File:Diplotaxis_tenuifolia_kz03.jpg#/media/File:Diplotaxis_tenuifolia_kz03.jpg,https://commons.wikimedia.org/wiki/File:Diplotaxis_tenuifolia_sl1.jpg#/media/File:Diplotaxis_tenuifolia_sl1.jpg,,,,,,,,,,,,
ECHINACEA PURPUREA,ECHINACÉE POURPRE,https://upload.wikimedia.org/wikipedia/commons/thumb/8/88/Echinacea_purpurea%2C_Jard%C3%ADn_Bot%C3%A1nico%2C_M%C3%BAnich%2C_Alemania%2C_2013-09-08%2C_DD_01.jpg/120px-Echinacea_purpurea%2C_Jard%C3%ADn_Bot%C3%A1nico%2C_M%C3%BAnich%2C_Alemania%2C_2013-09-08%2C_DD_01.jpg,https://upload.wikimedia.org/wikipedia/commons/thumb/c/cb/Echinacea_purpurea_HabitusInflorescences_BotGardBln0906.JPG/90px-Echinacea_purpurea_HabitusInflorescences_BotGardBln0906.JPG,https://upload.wikimedia.org/wikipedia/commons/thumb/7/76/Echinacea_purpurea_%28purple_coneflowers%29_3_%2838566472155%29.jpg/120px-Echinacea_purpurea_%28purple_coneflowers%29_3_%2838566472155%29.jpg,,,,,,,,,,,,,,
ELAEAGNUS ANGUSTIFOLIA,OLIVIER DE BOHEME,https://commons.wikimedia.org/wiki/File:Elaeagnus_angustifolia_flowers.jpg#/media/File:Elaeagnus_angustifolia_flowers.jpg,https://commons.wikimedia.org/wiki/File:Elaeagnus-angustifolia-habit.JPG#/media/File:Elaeagnus-angustifolia-habit.JPG,https://commons.wikimedia.org/wiki/File:Elaeagnus_angustifolia_bark.jpg#/media/File:Elaeagnus_angustifolia_bark.jpg,https://commons.wikimedia.org/wiki/File:Elaeagnus-angustifolia-leaves.JPG#/media/File:Elaeagnus-angustifolia-leaves.JPG,https://commons.wikimedia.org/wiki/File:Elaeagnus_angustifolia_002.JPG#/media/File:Elaeagnus_angustifolia_002.JPG,,,,,,,,,,,,
ELAEAGNUS MULTIFLORA,GOUMI DU JAPON,https://upload.wikimedia.org/wikipedia/commons/thumb/4/42/Elaeagnus_multiflora_Oliwnik_wielokwiatowy_2017-05-01_02.jpg/120px-Elaeagnus_multiflora_Oliwnik_wielokwiatowy_2017-05-01_02.jpg,https://upload.wikimedia.org/wikipedia/commons/thumb/f/fb/Elaeagnus_multiflora_02.JPG/120px-Elaeagnus_multiflora_02.JPG,https://upload.wikimedia.org/wikipedia/commons/thumb/0/0d/Elaeagnus_multiflora_kz4.jpg/80px-Elaeagnus_multiflora_kz4.jpg,https://commons.wikimedia.org/wiki/File:Elaeagnus_multiflora_(8084537643).jpg#/media/File:Elaeagnus_multiflora_(8084537643).jpg,https://commons.wikimedia.org/wiki/File:Elaeagnus_multiflora_2016-05-09_9674.jpg#/media/File:Elaeagnus_multiflora_2016-05-09_9674.jpg,,,,,,,,,,,,
ELAEAGNUS UMBELLATA,OLIVIER D'AUTOMNE,https://upload.wikimedia.org/wikipedia/commons/thumb/9/9f/Fagopyrum_dibotrys_%287864154644%29.jpg/120px-Fagopyrum_dibotrys_%287864154644%29.jpg,https://upload.wikimedia.org/wikipedia/commons/thumb/8/8c/Fagopyrum_dibotrys_%287759819176%29.jpg/120px-Fagopyrum_dibotrys_%287759819176%29.jpg,https://upload.wikimedia.org/wikipedia/commons/thumb/c/c7/Fagopyrum_dibotrys_%282559096538%29.jpg/120px-Fagopyrum_dibotrys_%282559096538%29.jpg,,,,,,,,,,,,,,
ELAEAGNUS X EBBINGEI,CHALEF DE EBBINGE,https://upload.wikimedia.org/wikipedia/commons/c/c3/Feijoa_sellowiana3.jpg,https://upload.wikimedia.org/wikipedia/commons/3/3c/Feijoa_sellowiana_.jpg,https://upload.wikimedia.org/wikipedia/commons/0/08/Acca_sellowiana_Fruit_MHNT_Fronton.jpg,https://commons.wikimedia.org/wiki/File:Elaeagnus_x_ebbingei_at_the_Morris_Arboretum_04.jpg#/media/File:Elaeagnus_x_ebbingei_at_the_Morris_Arboretum_04.jpg,,,,,,,,,,,,,
ERIOBOTRYA JAPONICA,NEFLIER DU JAPON,https://upload.wikimedia.org/wikipedia/commons/f/f7/Ficus-carica_-_bancal_20110416a.jpg,https://upload.wikimedia.org/wikipedia/commons/5/52/Ficus_carica6.jpg,https://upload.wikimedia.org/wikipedia/commons/0/04/Fig.jpg,,,,,,,,,,,,,,
FAGOPYRUM DIBOTRYS,SARRASIN VIVACE,https://upload.wikimedia.org/wikipedia/commons/c/c0/Foeniculum_July_2011-1a.jpg,https://upload.wikimedia.org/wikipedia/commons/0/09/Foeniculum_vulgare%2C_Villa_Borg.jpg,https://upload.wikimedia.org/wikipedia/commons/a/a1/Baby_fennel.jpg,,,,,,,,,,,,,,
FEIJOA SELLOWIANA,GOYAVE DU BRESIL,https://commons.wikimedia.org/wiki/File:Feijoa_sellowiana3.jpg#/media/File:Feijoa_sellowiana3.jpg,https://commons.wikimedia.org/wiki/File:Feijoa_sellowiana1.jpg#/media/File:Feijoa_sellowiana1.jpg,https://commons.wikimedia.org/wiki/File:Feijoa_Flower-5285.jpg#/media/File:Feijoa_Flower-5285.jpg,https://commons.wikimedia.org/wiki/File:Feijoa_fruits.jpg#/media/File:Feijoa_fruits.jpg,https://commons.wikimedia.org/wiki/File:Verger_de_Fe%C3%AFjoa_fruits_tomb%C3%A9s_%C3%A0_terre.jpg#/media/File:Verger_de_Feïjoa_fruits_tombés_à_terre.jpg,https://commons.wikimedia.org/wiki/File:Cyanocorax_Yncas.jpg#/media/File:Cyanocorax_Yncas.jpg,https://commons.wikimedia.org/wiki/File:Farmer%27s_Market_in_Colombia.jpg#/media/File:Farmer's_Market_in_Colombia.jpg,,,,,,,,,,
FICUS CARICA,FIGUIER,https://commons.wikimedia.org/wiki/File:Ficus_carica_20181117a.jpg#/media/File:Ficus_carica_20181117a.jpg,https://commons.wikimedia.org/wiki/File:Ficus-carica-on-Zelkova.jpg#/media/File:Ficus-carica-on-Zelkova.jpg,https://commons.wikimedia.org/wiki/File:Ficus_carica6.jpg#/media/File:Ficus_carica6.jpg,https://commons.wikimedia.org/wiki/File:Ficus_carica_20191125a.jpg#/media/File:Ficus_carica_20191125a.jpg,https://commons.wikimedia.org/wiki/File:Reticulate_veins_in_leaf_of_Ficus_carica_IMG_9202s.jpg#/media/File:Reticulate_veins_in_leaf_of_Ficus_carica_IMG_9202s.jpg,https://commons.wikimedia.org/wiki/File:Figuier_commun_FR_2012.jpg#/media/File:Figuier_commun_FR_2012.jpg,,,,,,,,,,,
FOENICULUM VULGARE,FENOUIL VIVACE,https://commons.wikimedia.org/wiki/File:F.vulgare.jpg#/media/File:F.vulgare.jpg,https://commons.wikimedia.org/wiki/File:Schiermonnikoog_-_Venkel_(Foeniculum_vulgare).jpg#/media/File:Schiermonnikoog_-_Venkel_(Foeniculum_vulgare).jpg,https://commons.wikimedia.org/wiki/File:Foeniculum_vulgare_plant3_(14193631209).jpg#/media/File:Foeniculum_vulgare_plant3_(14193631209).jpg,https://commons.wikimedia.org/wiki/File:Schiermonnikoog_-_Venkel_(Foeniculum_vulgare).jpg#/media/File:Schiermonnikoog_-_Venkel_(Foeniculum_vulgare).jpg,https://commons.wikimedia.org/wiki/File:Foeniculum_vulgare_leaf.JPG#/media/File:Foeniculum_vulgare_leaf.JPG,,,,,,,,,,,,
FRAGARIA MOSCHATA,FRAISIER,https://upload.wikimedia.org/wikipedia/commons/4/43/Fragaria_moschata_sl7.jpg,https://upload.wikimedia.org/wikipedia/commons/8/8d/Fragaria_moschata_detail.JPG,https://upload.wikimedia.org/wikipedia/commons/d/d7/Fragaria_moschata_fructus1.JPG,https://upload.wikimedia.org/wikipedia/commons/2/22/FragariaMoschata.JPG,https://commons.wikimedia.org/wiki/File:Feijoas_on_white.jpg#/media/File:Feijoas_on_white.jpg,,,,,,,,,,,,
FRAGARIA VESCA,FRAISIER SAUVAGE,"https://commons.wikimedia.org/wiki/File:Fragaria_vesca,_Paludi_02.jpg#/media/File:Fragaria_vesca,_Paludi_02.jpg",https://commons.wikimedia.org/wiki/File:Fragaria_vesca1.jpg#/media/File:Fragaria_vesca1.jpg,https://commons.wikimedia.org/wiki/File:Fragaria_vesca_5048.JPG#/media/File:Fragaria_vesca_5048.JPG,https://commons.wikimedia.org/wiki/File:Fragaria_vesca_(41503723130).jpg#/media/File:Fragaria_vesca_(41503723130).jpg,,,,,,,,,,,,,
FRAXINUS EXCELSIOR,FRENE,https://upload.wikimedia.org/wikipedia/commons/3/33/Fraxinus_excelsior_001.jpg,https://upload.wikimedia.org/wikipedia/commons/4/4a/Fraxinus-excelsior-male-leaves.JPG,https://upload.wikimedia.org/wikipedia/commons/5/5c/Fraxinus-excelsior-seeds.JPG,https://upload.wikimedia.org/wikipedia/commons/0/08/Fraxinus_excelsior_gemma.jpg,,,,,,,,,,,,,
ginkgo biloba,GINGKO BILOBA,https://upload.wikimedia.org/wikipedia/commons/3/32/Ginkgo_biloba_junio.jpg,https://commons.wikimedia.org/w/index.php?search=Ginkgo+biloba&title=Special:Search&profile=advanced&fulltext=1&advancedSearch-current=%7B%7D&ns0=1&ns6=1&ns12=1&ns14=1&ns100=1&ns106=1#/media/File:Jinan_dvoulaločný_(ginkgo_biloba)_dvoulaločný_strom.jpg,https://commons.wikimedia.org/w/index.php?search=Ginkgo+biloba&title=Special:Search&profile=advanced&fulltext=1&advancedSearch-current=%7B%7D&ns0=1&ns6=1&ns12=1&ns14=1&ns100=1&ns106=1#/media/File:GinkgoLeaves.jpg,https://upload.wikimedia.org/wikipedia/commons/6/66/Ginkgo_biloba_fructification.jpg,https://commons.wikimedia.org/wiki/File:Fragaria_vesca_5048.JPG#/media/File:Fragaria_vesca_5048.JPG,,,,,,,,,,,,
GLEDITSIA TRIACANTHOS,FEVIER D'AMERIQUE,https://commons.wikimedia.org/wiki/File:Gleditsia_triacanthos_seed_pod.jpg#/media/File:Gleditsia_triacanthos_seed_pod.jpg,https://commons.wikimedia.org/wiki/File:Gleditsia_pods.jpg#/media/File:Gleditsia_pods.jpg,https://commons.wikimedia.org/wiki/File:Gleditsia-triacanthos-hojas.jpg#/media/File:Gleditsia-triacanthos-hojas.jpg,https://commons.wikimedia.org/wiki/File:Gleditsia_thorns_and_bark.jpg#/media/File:Gleditsia_thorns_and_bark.jpg,https://commons.wikimedia.org/wiki/File:Baden-Baden-Gleditsia_triacanthos-44-Lederhuelsenbaum-Blatt-Bluete-2012-gje.jpg#/media/File:Baden-Baden-Gleditsia_triacanthos-44-Lederhuelsenbaum-Blatt-Bluete-2012-gje.jpg,https://commons.wikimedia.org/wiki/File:Baden-Baden-Gleditsia_triacanthos-06-Lederhuelsenbaum-2020-gje.jpg#/media/File:Baden-Baden-Gleditsia_triacanthos-06-Lederhuelsenbaum-2020-gje.jpg,,,,,,,,,,,
GLYCYRRHIZA GLABRA,RÉGLISSE GLABRE,https://upload.wikimedia.org/wikipedia/commons/d/d6/Glycyrrhiza_glabra_Y03.jpg,https://upload.wikimedia.org/wikipedia/commons/e/e5/Glycyrrhiza_glabra_inflorescence.jpg,https://upload.wikimedia.org/wikipedia/commons/8/88/Glycyrrhiza_glabra_%28Zoethout%29.jpg,https://upload.wikimedia.org/wikipedia/commons/6/69/Zoethout_%28Glycyrrhiza_glabra%29.jpg,,,,,,,,,,,,,
GYMNOSTEMMA PENTAPHYLLUM,THE DES CENTENNAIRES,https://commons.wikimedia.org/w/index.php?search=Gynostemma+pentaphyllum&title=Special:Search&profile=advanced&fulltext=1&advancedSearch-current=%7B%7D&ns0=1&ns6=1&ns12=1&ns14=1&ns100=1&ns106=1#/media/File:Gynostemma_pentaphyllum_vine.jpg,https://upload.wikimedia.org/wikipedia/commons/1/18/Kluse_-_Gynostemma_pentaphyllum_-_Jiaogulan_02_ies.jpg,https://upload.wikimedia.org/wikipedia/commons/c/c3/Jiaogulan_03_PM03.jpg,https://commons.wikimedia.org/w/index.php?search=Gynostemma+pentaphyllum&title=Special:Search&profile=advanced&fulltext=1&advancedSearch-current=%7B%7D&ns0=1&ns6=1&ns12=1&ns14=1&ns100=1&ns106=1#/media/File:Ampel2jpg.jpg,,,,,,,,,,,,,
HEDERA HELIX,LIERRE COMMUN,https://upload.wikimedia.org/wikipedia/commons/4/40/Hedera_helix_clinging.jpg,https://commons.wikimedia.org/w/index.php?search=Hedera+helix&title=Special:Search&profile=advanced&fulltext=1&advancedSearch-current=%7B%7D&ns0=1&ns6=1&ns12=1&ns14=1&ns100=1&ns106=1#/media/File:Hedera_helix_Piazzo_04.jpg,https://upload.wikimedia.org/wikipedia/commons/d/d5/Hedera_helix_RF.jpg,https://commons.wikimedia.org/w/index.php?search=Hedera+helix&title=Special:Search&profile=advanced&fulltext=1&advancedSearch-current=%7B%7D&ns0=1&ns6=1&ns12=1&ns14=1&ns100=1&ns106=1#/media/File:Blad_van_klimop_(Hedera_helix)_02.JPG,,,,,,,,,,,,,
HELICHRYSUM ITALICUM,IMMORTELLE D'ITALIE,https://upload.wikimedia.org/wikipedia/commons/3/3e/Helichrysum_italicum.jpg,https://upload.wikimedia.org/wikipedia/commons/0/02/Helichrysum_italicum_5.jpg,https://upload.wikimedia.org/wikipedia/commons/7/79/Helichrysum_italicum2.jpg,https://upload.wikimedia.org/wikipedia/commons/b/bd/Helichrysum_italicum_3.jpg,,,,,,,,,,,,,
HEMEROCALLIS FULVA,LYS D'UN JOUR,https://commons.wikimedia.org/w/index.php?search=Hemerocallis+fulva&title=Special:Search&profile=advanced&fulltext=1&advancedSearch-current=%7B%7D&ns0=1&ns6=1&ns12=1&ns14=1&ns100=1&ns106=1#/media/File:Hemerocallis_fulva1.jpg,https://commons.wikimedia.org/w/index.php?search=Hemerocallis+fulva&title=Special:Search&profile=advanced&fulltext=1&advancedSearch-current=%7B%7D&ns0=1&ns6=1&ns12=1&ns14=1&ns100=1&ns106=1#/media/File:Hemerocallis_fulva_2012_G1.jpg,https://upload.wikimedia.org/wikipedia/commons/9/9c/Hemerocallis_fulva_var_disticha2.jpg,https://upload.wikimedia.org/wikipedia/commons/0/07/Tűzliliom.JPG,,,,,,,,,,,,,
HIPOPHAE RHAMNOIDES,ARGOUSIER,https://upload.wikimedia.org/wikipedia/commons/7/72/Noordwijk_-_Duindoorn_%28Hippophae_rhamnoides%29.jpg,https://upload.wikimedia.org/wikipedia/commons/2/20/Hippophae_rhamnoides2_beentree_bialowieza.jpg,https://upload.wikimedia.org/wikipedia/commons/8/84/Hippophae_rhamnoides_RF.jpg,https://upload.wikimedia.org/wikipedia/commons/c/c6/Juist%2C_Sanddorn_--_2014_--_3483.jpg,,,,,,,,,,,,,
HOSTA TARDIANA,HOSTAS,,,,,,,,,,,,,,,,,
HOVENIA DULCIS,RAISINIER DE CHINE,https://upload.wikimedia.org/wikipedia/commons/4/48/Hovenia_dulcis.jpg,https://upload.wikimedia.org/wikipedia/commons/4/40/Hovenia_dulcis_RJB.jpg,https://upload.wikimedia.org/wikipedia/commons/2/2e/Hovenia_dulcis_in_Christchurch_Botanic_Gardens_02.jpg,https://upload.wikimedia.org/wikipedia/commons/2/21/Hovenia_dulcis%2C_fruit.jpg,,,,,,,,,,,,,
HUMULUS LUPULUS,HOUBLON,https://upload.wikimedia.org/wikipedia/commons/1/1c/Hop_bloemen_vrouwelijke_plant_Humulus_lupulus_female.jpg,https://upload.wikimedia.org/wikipedia/commons/b/bf/Humulus_lupulus_with_fly.jpg,https://upload.wikimedia.org/wikipedia/commons/b/b5/Humulus_lupulus_ms_1.jpg,https://upload.wikimedia.org/wikipedia/commons/7/79/Humulus_lupulus_kz27.jpg,,,,,,,,,,,,,
HYPERICUM PERFORATUM,MILLEPERTUIS,https://upload.wikimedia.org/wikipedia/commons/a/a1/Hypericum_maculatum_001.jpg,https://upload.wikimedia.org/wikipedia/commons/a/ad/Hypericum_perforatum.JPG,https://upload.wikimedia.org/wikipedia/commons/c/cf/Hypericum-perforatum%28Blatt%29.jpg,https://upload.wikimedia.org/wikipedia/commons/b/ba/Hypericum_perforatum-0928.jpg,,,,,,,,,,,,,
IBERIS SEMPERVIRENS,CORBEILLE D'ARGENT,https://upload.wikimedia.org/wikipedia/commons/b/be/Ruhland%2C_Grenzstr._2%2C_Immergrüne_Schleifenblume_an_der_Treppe_zur_Garagenausfahrt%2C_blühend%2C_Frühling%2C_02.jpg,https://upload.wikimedia.org/wikipedia/commons/d/d6/Iberis_sempervirens_01.JPG,"https://commons.wikimedia.org/w/index.php?search=Iberis+sempervirens&title=Special:Search&profile=advanced&fulltext=1&advancedSearch-current=%7B%7D&ns0=1&ns6=1&ns12=1&ns14=1&ns100=1&ns106=1#/media/File:Ruhland,_Grenzstr._2,_Immergrüne_Schleifenblume_an_der_Treppe_zur_Garagenausfahrt,_Blütenstand,_Frühling,_01.jpg",https://upload.wikimedia.org/wikipedia/commons/b/bc/Ruhland%2C_Grenzstr._2%2C_Immergrüne_Schleifenblume_an_der_Treppe_zur_Garagenausfahrt%2C_Samenstand%2C_Frühsommer%2C_01.jpg,,,,,,,,,,,,,
INDIGOFERA HETERANTHA,INDIGOTIER ROSE,https://upload.wikimedia.org/wikipedia/commons/5/5b/Indigofera_heterantha_kz7.jpg,https://upload.wikimedia.org/wikipedia/commons/3/3c/Indigofera_heterantha_A.jpg,https://upload.wikimedia.org/wikipedia/commons/3/3c/Indigofera_heterantha.jpg,https://upload.wikimedia.org/wikipedia/commons/8/83/異花木藍_Indigofera_heterantha_-紐西蘭_Dunedin_Botanic_Garden%2C_New_Zealand-_%289259214271%29.jpg,,,,,,,,,,,,,
JUGLANS REGIA,NOYER COMMUN,https://upload.wikimedia.org/wikipedia/commons/f/fb/Обикновен_орех_%28Juglans_regia%29_с._Карабунар.jpg,https://upload.wikimedia.org/wikipedia/commons/4/46/Juglans_regia_autumn_2009.jpg,https://upload.wikimedia.org/wikipedia/commons/8/82/Walnoot_Juglans_regia_mannelijke_bloeiwijze.jpg,https://upload.wikimedia.org/wikipedia/commons/1/12/20170510Juglans_regia5.jpg,https://upload.wikimedia.org/wikipedia/commons/7/77/Juglans_regia.jpg,https://upload.wikimedia.org/wikipedia/commons/e/ee/Juglans_regia_chatons_mâles_Auvers.jpg,,,,,,,,,,,
koelreuteria paniculata,SAVONNIER,https://upload.wikimedia.org/wikipedia/commons/4/49/Koelreuteria_habitus.jpg,https://upload.wikimedia.org/wikipedia/commons/b/b2/Koelreuteria-paniculata-flowers.jpg,https://upload.wikimedia.org/wikipedia/commons/0/02/Koelreuteria_paniculata_Schwetzingen.jpg,https://upload.wikimedia.org/wikipedia/commons/5/58/Koelreut_capsules.jpg,https://upload.wikimedia.org/wikipedia/commons/b/b4/Baden-Baden-Koelreuteria_paniculata-54-Blasen-Esche-Frucht-Bluete-2012-gje.jpg,,,,,,,,,,,,
LAURUS NOBILIS,LAURIER SAUCE,https://commons.wikimedia.org/w/index.php?title=Special:Search&limit=20&offset=20&profile=default&search=LAURUS+NOBILIS&advancedSearch-current={}&ns0=1&ns6=1&ns12=1&ns14=1&ns100=1&ns106=1#/media/File:Laurus_nobilis_(3).JPG,https://commons.wikimedia.org/wiki/File:Laurus_nobilis_15zz.jpg,https://commons.wikimedia.org/w/index.php?search=LAURUS+NOBILIS&title=Special:Search&go=Go&ns0=1&ns6=1&ns12=1&ns14=1&ns100=1&ns106=1#/media/File:Laurus_nobilis_MHNT_Fleurs.jpg,https://commons.wikimedia.org/w/index.php?title=Special:Search&limit=20&offset=20&profile=default&search=LAURUS+NOBILIS&advancedSearch-current={}&ns0=1&ns6=1&ns12=1&ns14=1&ns100=1&ns106=1#/media/File:Laurus_nobilis_001.JPG,https://commons.wikimedia.org/w/index.php?title=Special:Search&limit=20&offset=40&profile=default&search=LAURUS+NOBILIS&advancedSearch-current={}&ns0=1&ns6=1&ns12=1&ns14=1&ns100=1&ns106=1#/media/File:Flowers_of_Laurus_nobilis_-_Laurel.JPG,,,,,,,,,,,,
LAVANDULA SSP,LAVANDE,https://commons.wikimedia.org/wiki/File:J32_772_Lavendel.jpg?uselang=fr,https://commons.wikimedia.org/w/index.php?search=lavandula&title=Special:Search&go=Lire&uselang=fr&ns0=1&ns6=1&ns12=1&ns14=1&ns100=1&ns106=1#/media/File:Lavandula_dentata1.jpg,https://upload.wikimedia.org/wikipedia/commons/1/17/Lavandula_dentata2.jpg?uselang=fr,https://upload.wikimedia.org/wikipedia/commons/1/1d/Espigol_LavandulaAngustifolia.jpg?uselang=fr,,,https://upload.wikimedia.org/wikipedia/commons/1/1e/Juglans_regia_Echte_Walnussfrucht_3.jpg,,,,,,,,,,
LESPEDEZA THUNBERGII,LESPEDEZA DE THUNBERG,https://commons.wikimedia.org/w/index.php?search=LESPEDEZA+THUNBERGII&title=Special%3ASearch&go=Go&ns0=1&ns6=1&ns12=1&ns14=1&ns100=1&ns106=1#/media/File:Lespedeza-thunbergii-habitus.jpg,https://commons.wikimedia.org/w/index.php?search=LESPEDEZA+THUNBERGII&title=Special%3ASearch&go=Go&ns0=1&ns6=1&ns12=1&ns14=1&ns100=1&ns106=1#/media/File:Lespedeza_thunbergii2.jpg,https://commons.wikimedia.org/w/index.php?search=LESPEDEZA+THUNBERGII&title=Special%3ASearch&go=Go&ns0=1&ns6=1&ns12=1&ns14=1&ns100=1&ns106=1#/media/File:Lespedeza-thunbergii-flower.jpg,https://commons.wikimedia.org/w/index.php?search=LESPEDEZA+THUNBERGII&title=Special%3ASearch&go=Go&ns0=1&ns6=1&ns12=1&ns14=1&ns100=1&ns106=1#/media/File:Lespedeza-thunbergii-foliage.jpg,https://commons.wikimedia.org/w/index.php?search=LESPEDEZA+THUNBERGII&title=Special%3ASearch&go=Go&ns0=1&ns6=1&ns12=1&ns14=1&ns100=1&ns106=1#/media/File:Lespedeza_thunbergii_-_Longwood_Gardens_-_DSC00814.JPG,https://commons.wikimedia.org/w/index.php?title=Special:Search&limit=20&offset=0&profile=default&search=LESPEDEZA+THUNBERGII&advancedSearch-current={}&ns0=1&ns6=1&ns12=1&ns14=1&ns100=1&ns106=1#/media/File:Lespedeza_thunbergii_Pink_Fountain_0zz.jpg,,,,,,,,,,,
LEVISTICUM OFFICINALE,LIVÈCHE,https://commons.wikimedia.org/w/index.php?search=LEVISTICUM+OFFICINALE&title=Special%3ASearch&go=Go&ns0=1&ns6=1&ns12=1&ns14=1&ns100=1&ns106=1#/media/File:Levisticum_officinale-planto.jpg,https://commons.wikimedia.org/w/index.php?search=LEVISTICUM+OFFICINALE&title=Special%3ASearch&go=Go&ns0=1&ns6=1&ns12=1&ns14=1&ns100=1&ns106=1#/media/File:Liebstoeckel_roscheoderhofH2.jpg,https://commons.wikimedia.org/w/index.php?search=LEVISTICUM+OFFICINALE&title=Special%3ASearch&go=Go&ns0=1&ns6=1&ns12=1&ns14=1&ns100=1&ns106=1#/media/File:Liebstoeckel_roscheiderhof_H1.jpg,https://commons.wikimedia.org/w/index.php?search=LEVISTICUM+OFFICINALE&title=Special%3ASearch&go=Go&ns0=1&ns6=1&ns12=1&ns14=1&ns100=1&ns106=1#/media/File:Levisticum_officinale_J1.jpg,https://commons.wikimedia.org/w/index.php?title=Special:Search&limit=20&offset=20&profile=default&search=LEVISTICUM+OFFICINALE&advancedSearch-current={}&ns0=1&ns6=1&ns12=1&ns14=1&ns100=1&ns106=1#/media/File:Levisticum_officinale_.R.H._05.jpg,,,,,,,,,,,,
LEYCESTERIA FORMOSA,ARBRE AUX FAISANS,https://commons.wikimedia.org/w/index.php?search=LEYCESTERIA+FORMOSA&title=Special%3ASearch&go=Go&ns0=1&ns6=1&ns12=1&ns14=1&ns100=1&ns106=1#/media/File:Leycesteria_formosa_01.JPG,https://commons.wikimedia.org/w/index.php?search=LEYCESTERIA+FORMOSA&title=Special%3ASearch&go=Go&ns0=1&ns6=1&ns12=1&ns14=1&ns100=1&ns106=1#/media/File:Leycesteria_formosa_A.jpg,https://commons.wikimedia.org/w/index.php?search=LEYCESTERIA+FORMOSA&title=Special%3ASearch&go=Go&ns0=1&ns6=1&ns12=1&ns14=1&ns100=1&ns106=1#/media/File:Leycesteria_formosa_02.JPG,https://commons.wikimedia.org/w/index.php?search=LEYCESTERIA+FORMOSA&title=Special%3ASearch&go=Go&ns0=1&ns6=1&ns12=1&ns14=1&ns100=1&ns106=1#/media/File:Leycesteria_formosa_01.JPG,https://commons.wikimedia.org/w/index.php?title=Special:Search&limit=20&offset=20&profile=default&search=LEYCESTERIA+FORMOSA&advancedSearch-current={}&ns0=1&ns6=1&ns12=1&ns14=1&ns100=1&ns106=1#/media/File:Leycesteria_formosa_0.7_R.jpg,https://commons.wikimedia.org/w/index.php?title=Special:Search&limit=20&offset=0&profile=default&search=LEYCESTERIA+FORMOSA&advancedSearch-current={}&ns0=1&ns6=1&ns12=1&ns14=1&ns100=1&ns106=1#/media/File:Leycesteria_formosa_kz3.jpg,,,,,,,,,,,
LONICERA CAERULEA,CAMERISIER BLEU,https://commons.wikimedia.org/w/index.php?title=Special:Search&limit=20&offset=20&profile=default&search=LONICERA+CAERULEA&advancedSearch-current={}&ns0=1&ns6=1&ns12=1&ns14=1&ns100=1&ns106=1#/media/File:Lonicera_caerulea_L.jpg,"https://commons.wikimedia.org/w/index.php?search=LONICERA+CAERULEA&title=Special%3ASearch&go=Go&ns0=1&ns6=1&ns12=1&ns14=1&ns100=1&ns106=1#/media/File:Ruhland,_Grenzstr._3,_Kamtschatka-Heckenkirsche,_Zweigspitze_mit_Bl%C3%BCten,_Fr%C3%BChling,_06.jpg",https://commons.wikimedia.org/w/index.php?search=LONICERA+CAERULEA&title=Special%3ASearch&go=Go&ns0=1&ns6=1&ns12=1&ns14=1&ns100=1&ns106=1#/media/File:Lonicera_caerulea_flowers.JPG,https://commons.wikimedia.org/w/index.php?title=Special:Search&limit=20&offset=20&profile=default&search=LONICERA+CAERULEA&advancedSearch-current={}&ns0=1&ns6=1&ns12=1&ns14=1&ns100=1&ns106=1#/media/File:Lonicera_caerulea_2017.jpg,,,,,,,,,,,,,
LONICERA KAMTSCHATICA,BAIE DE MAI,https://commons.wikimedia.org/wiki/File:Lonicera_kamtschatica.jpg,https://commons.wikimedia.org/w/index.php?search=LONICERA+KAMTSCHATICA&title=Special%3ASearch&go=Go&ns0=1&ns6=1&ns12=1&ns14=1&ns100=1&ns106=1#/media/File:Lonicera_kamtschatica_berries.jpg,https://commons.wikimedia.org/w/index.php?search=LONICERA+KAMTSCHATICA&title=Special%3ASearch&go=Go&ns0=1&ns6=1&ns12=1&ns14=1&ns100=1&ns106=1#/media/File:Lonicera_caerulea_berries_02.jpg,"https://commons.wikimedia.org/wiki/File:Ruhland,_Grenzstr._3,_Kamtschatka-Heckenkirsche,_Zweigspitze_mit_Bl%C3%BCten,_Fr%C3%BChling,_02.jpg#/media/File:Ruhland,_Grenzstr._3,_Kamtschatka-Heckenkirsche,_Zweigspitze_mit_Blüten,_Frühling,_02.jpg",,,,,,,,,,,,,
LUPINUS ARBOREUS,"LUPIN ARBORESCENT LUPIN EN ARBRE",https://commons.wikimedia.org/w/index.php?search=LUPINUS+ARBOREUS&title=Special%3ASearch&go=Go&ns0=1&ns6=1&ns12=1&ns14=1&ns100=1&ns106=1#/media/File:Lupinus_arboreus_kz9.jpg,https://commons.wikimedia.org/w/index.php?search=LUPINUS+ARBOREUS&title=Special%3ASearch&go=Go&ns0=1&ns6=1&ns12=1&ns14=1&ns100=1&ns106=1#/media/File:Lupinus_arboreus_(6062146673).jpg,https://commons.wikimedia.org/w/index.php?search=LUPINUS+ARBOREUS&title=Special%3ASearch&go=Go&ns0=1&ns6=1&ns12=1&ns14=1&ns100=1&ns106=1#/media/File:Lupinus_arboreus_04.jpg,https://commons.wikimedia.org/w/index.php?search=LUPINUS+ARBOREUS&title=Special%3ASearch&go=Go&ns0=1&ns6=1&ns12=1&ns14=1&ns100=1&ns106=1#/media/File:Lupinus_arboreus_kz1.jpg,https://commons.wikimedia.org/w/index.php?search=LUPINUS+ARBOREUS&title=Special%3ASearch&go=Go&ns0=1&ns6=1&ns12=1&ns14=1&ns100=1&ns106=1#/media/File:Lupinus_arboreus_kz13.jpg,,,,,,,,,,,,
LYCIUM BARBARUM,"LYCIET DE BARBARIE, GOJI",https://commons.wikimedia.org/w/index.php?search=LYCIUM+BARBARUM&title=Special%3ASearch&go=Go&ns0=1&ns6=1&ns12=1&ns14=1&ns100=1&ns106=1#/media/File:LyciumBarbarum-plant-hr.jpg,https://commons.wikimedia.org/w/index.php?search=LYCIUM+BARBARUM&title=Special%3ASearch&go=Go&ns0=1&ns6=1&ns12=1&ns14=1&ns100=1&ns106=1#/media/File:Lycium_barbarum_001.JPG,https://commons.wikimedia.org/w/index.php?search=LYCIUM+BARBARUM&title=Special%3ASearch&go=Go&ns0=1&ns6=1&ns12=1&ns14=1&ns100=1&ns106=1#/media/File:LyciumBarbarum-bloem-hr.jpg,https://commons.wikimedia.org/w/index.php?title=Special:Search&limit=20&offset=20&profile=default&search=LYCIUM+BARBARUM&advancedSearch-current={}&ns0=1&ns6=1&ns12=1&ns14=1&ns100=1&ns106=1#/media/File:Lycium_barbarum_sl4.jpg,https://commons.wikimedia.org/w/index.php?title=Special:Search&limit=20&offset=20&profile=default&search=LYCIUM+BARBARUM&advancedSearch-current={}&ns0=1&ns6=1&ns12=1&ns14=1&ns100=1&ns106=1#/media/File:Lycium_barbarum_sl11.jpg,,,,,,,,,,,,
lycium chinense,BAIE DE GOJI,https://upload.wikimedia.org/wikipedia/commons/7/7a/Lycium_chinense_3.JPG,https://upload.wikimedia.org/wikipedia/commons/4/4e/Lycium_chinense_15.JPG,https://upload.wikimedia.org/wikipedia/commons/9/9a/Lycium_chinense_8.JPG,https://upload.wikimedia.org/wikipedia/commons/a/a7/Lycium_chinense%28siamak_sabet%29_%282%29.jpg,https://upload.wikimedia.org/wikipedia/commons/e/e7/Lycium_chinense_10.JPG,https://upload.wikimedia.org/wikipedia/commons/5/52/Lycium_chinense_6.JPGG,,,,,,,,,,,
mahonia aquifolium,MAHONIA,https://upload.wikimedia.org/wikipedia/commons/5/5f/Mahonia_aquifolium1.jpg,https://upload.wikimedia.org/wikipedia/commons/8/8e/Mahonia_aquifolium.jpg,https://upload.wikimedia.org/wikipedia/commons/f/ff/Mahonia_aquifolium2.jpg,https://upload.wikimedia.org/wikipedia/commons/f/f8/Mahonia_aquifolium_-_fruits.jpg,https://upload.wikimedia.org/wikipedia/commons/1/1a/P1020832_Mahonia.jpg,https://upload.wikimedia.org/wikipedia/commons/3/39/Mahonia_aquifolium5.jpg,,,,,,,,,,,
MALUS PUMILA,POMMIER,https://upload.wikimedia.org/wikipedia/commons/1/1a/Malus_pumila_Mcintosh_1zz.jpg,https://upload.wikimedia.org/wikipedia/commons/6/6f/Starr-170923-0285-Malus_pumila-Shell_of_Alabama_flowers-Hawea_Pl_Olinda-Maui_-_Flickr_-_Starr_Environmental.jpg,https://upload.wikimedia.org/wikipedia/commons/f/fd/Malus_pumila_Apple_Tree.JPG,https://upload.wikimedia.org/wikipedia/commons/f/f4/Malus_pumila_Mcintosh_0zz.jpg,https://upload.wikimedia.org/wikipedia/commons/5/5c/Starr-170923-0277-Malus_pumila-Anna_fruit-Hawea_Pl_Olinda-Maui_-_Flickr_-_Starr_Environmental.jpg,https://upload.wikimedia.org/wikipedia/commons/9/96/Apples_%28Malus_pumila%29_%2822120387641%29.jpg,,,,,,,,,,,
MALVA MOSCHATA,MAUVE MUSQUÉE,https://upload.wikimedia.org/wikipedia/commons/2/29/Malva_moschata2.jpg,https://upload.wikimedia.org/wikipedia/commons/5/55/Malva_moschata3.jpg,https://upload.wikimedia.org/wikipedia/commons/9/99/Malva_moschata1.jpg,https://upload.wikimedia.org/wikipedia/commons/5/5f/Malva_moschata04.jpg,,,,,,,,,,,,,
MALVA SYLVESTRIS,GRANDE MAUVE,https://upload.wikimedia.org/wikipedia/commons/a/ad/Malva_sylvestris2.jpg,https://upload.wikimedia.org/wikipedia/commons/b/b1/Malva_sylvestris01.jpg,https://upload.wikimedia.org/wikipedia/commons/4/44/Malva_sylvestris_%28Grande_mauve%29_rue_des_Gravelles_%28Saint-Maurice-de-Beynost%29_en_juin_2019_%28cropped%29.jpg,https://upload.wikimedia.org/wikipedia/commons/d/d4/Malva_sylvestris_mauritiana.JPG,https://upload.wikimedia.org/wikipedia/commons/5/54/Noordwijk_-_Groot_kaasjeskruid_%28Malva_sylvestris%29_v3.jpg,https://upload.wikimedia.org/wikipedia/commons/3/37/Malva_sylvestris6.jpg,,,,,,,,,,,
MALVA SYLVESTRIS,MAUVE DE MAURITANIE,https://upload.wikimedia.org/wikipedia/commons/0/0a/Malva_sylvestris.jpg?uselang=fr,https://upload.wikimedia.org/wikipedia/commons/d/d4/Malva_sylvestris_mauritiana.JPG?uselang=fr,https://upload.wikimedia.org/wikipedia/commons/5/53/Malva_sylvestris_11zz.jpg?uselang=fr,https://upload.wikimedia.org/wikipedia/commons/6/65/Malva_sylvestris_sl4.jpg?uselang=fr,,,,,,,,,,,,,
MATRICARIA RECUTITA,CAMOMILLE MATRICAIRE,https://upload.wikimedia.org/wikipedia/commons/2/2d/Matricaria_recutita_001_cropped.jpg,https://upload.wikimedia.org/wikipedia/commons/4/49/Matricaria_recutita_2zz.jpg,https://upload.wikimedia.org/wikipedia/commons/e/e0/Matricaria_recutita_001.JPG,https://upload.wikimedia.org/wikipedia/commons/5/5a/Matricaria_recutita_W.jpg,https://upload.wikimedia.org/wikipedia/commons/2/26/Kamomillasaunio_%28Matricaria_recutita%29.JPG,,,,,,,,,,,,
MEDICAGO SATIVA,LUZERNE,https://upload.wikimedia.org/wikipedia/commons/4/4c/Medicago_sativa_at_Beijing.jpg,https://upload.wikimedia.org/wikipedia/commons/4/4c/Medicago_sativa_at_Beijing.jpg,https://upload.wikimedia.org/wikipedia/commons/f/fa/Medicago-sativa-habit.jpg,https://upload.wikimedia.org/wikipedia/commons/b/b0/MEDICAGO_SATIVA_-_APIS_-_IB-107_%28Alfals%29.JPG,https://upload.wikimedia.org/wikipedia/commons/9/9e/Luzerne-600.jpg,https://upload.wikimedia.org/wikipedia/commons/9/9a/Alfalfa-12.JPG,https://upload.wikimedia.org/wikipedia/commons/b/b8/Medicago_sativa_root_nodules.JPG,,,,,,,,,,
MELILOTUS OFFICINALIS,MELILOT,https://upload.wikimedia.org/wikipedia/commons/6/6d/Tarongina_%28Melissa_Officinalis%29.jpg,https://upload.wikimedia.org/wikipedia/commons/5/59/Melissa_officinalis_g1.jpg,https://upload.wikimedia.org/wikipedia/commons/b/b8/Melissa_officinalis%2C_2020-07-11%2C_Beechview%2C_01.jpg,https://upload.wikimedia.org/wikipedia/commons/e/e2/Melissa_officinalis_seeding%2C_2020-12-06%2C_Beechview.jpg,https://upload.wikimedia.org/wikipedia/commons/a/a7/Zitronenmelisse_Roscheiderhof_H1a.jpg,,,,,,,,,,,,
melissa officinalis,"MELISSE OFFICINALE, MELISSE CITRONELLE",https://commons.wikimedia.org/wiki/File:Melissa_officinalis01.jpg#/media/File:Melissa_officinalis01.jpg,https://commons.wikimedia.org/wiki/File:Tarongina_(Melissa_Officinalis).jpg#/media/File:Tarongina_(Melissa_Officinalis).jpg,"https://commons.wikimedia.org/wiki/File:Melissa_officinalis,_2020-07-11,_Beechview,_01.jpg#/media/File:Melissa_officinalis,_2020-07-11,_Beechview,_01.jpg",https://commons.wikimedia.org/wiki/File:Zitronenmelisse_Roscheiderhof_H3a.jpg#/media/File:Zitronenmelisse_Roscheiderhof_H3a.jpg,https://commons.wikimedia.org/wiki/File:Melissa_officinalis_2.jpg#/media/File:Melissa_officinalis_2.jpg,,,,,,,,,,,,
MENTHA SPICATA,MENTHE VERTE,https://upload.wikimedia.org/wikipedia/commons/5/52/Mentha_x_pip.crispa.jpg,https://upload.wikimedia.org/wikipedia/commons/1/15/Mentha_spicata_2zz.jpg,https://upload.wikimedia.org/wikipedia/commons/1/13/Mentha_spicata_7zz.jpg,https://upload.wikimedia.org/wikipedia/commons/4/49/Spearmint_-_Mentha_spicata_%2812766883643%29.jpg,https://upload.wikimedia.org/wikipedia/commons/3/35/Pudina_%28Mentha_spicata_L.%29.jpg,,,,,,,,,,,,
MESPILUS GERMANICA,NEFLIER D'ALLEMAGNE,https://upload.wikimedia.org/wikipedia/commons/4/44/Mespilus_germanica_001.JPG,https://upload.wikimedia.org/wikipedia/commons/e/e0/Mespilus_germanica_006.jpg,https://upload.wikimedia.org/wikipedia/commons/9/99/Medlar_pomes_and_leaves.jpg,https://upload.wikimedia.org/wikipedia/commons/3/3e/Mespilus_germanica_008.jpg,https://upload.wikimedia.org/wikipedia/commons/d/d3/Mespilus_germanica_005.JPG,https://upload.wikimedia.org/wikipedia/commons/c/c9/Mespilus_germanica_003.JPG,https://upload.wikimedia.org/wikipedia/commons/9/96/Alfalz_destacato_contra_o_cielo.jpg,,,,,,,,,,
MISCANTHUS GIGANTEUS,HERBES A ELEPHANT,https://upload.wikimedia.org/wikipedia/commons/6/61/Korina_2018-09-01_Miscanthus_giganteus_6.jpg,https://upload.wikimedia.org/wikipedia/commons/d/d3/Korina_2018-09-01_Miscanthus_giganteus.jpg,https://upload.wikimedia.org/wikipedia/commons/5/58/Korina_2018-09-01_Miscanthus_giganteus_5.jpg,https://upload.wikimedia.org/wikipedia/commons/1/12/Miscanthus_x_giganteus_stems_in_close_up_-_geograph.org.uk_-_1118411.jpg,https://upload.wikimedia.org/wikipedia/commons/5/56/Giant-Miscanthus.jpg,,,,,,,,,,,,
MORUS ALBA,MURIER,https://upload.wikimedia.org/wikipedia/commons/2/26/MorusAlbaChampion.jpg,https://upload.wikimedia.org/wikipedia/commons/5/5d/Morus_alba_20190516a.jpg,https://commons.wikimedia.org/w/index.php?search=Morus+alba&title=Special:Search&profile=advanced&fulltext=1&advancedSearch-current=%7B%7D&ns0=1&ns6=1&ns12=1&ns14=1&ns100=1&ns106=1#/media/File:Morus_alba562662624.jpg,https://upload.wikimedia.org/wikipedia/commons/5/59/Morus_alba_Augusta%2C_Michigan.jpg,https://upload.wikimedia.org/wikipedia/commons/1/12/20170105Morus_alba3.jpg,https://upload.wikimedia.org/wikipedia/commons/1/1e/Mulberry-china.JPG,,,,,,,,,,,
OENOTHERA BIENNIS,ONAGRE BISANNUELLE,https://upload.wikimedia.org/wikipedia/commons/f/f5/Oenothera_biennis_20050825_940.jpg,https://upload.wikimedia.org/wikipedia/commons/a/ab/Oenothera_biennis_20050825_945.jpg,https://upload.wikimedia.org/wikipedia/commons/f/ff/Oenothera_biennis0.jpg,https://upload.wikimedia.org/wikipedia/commons/0/0d/Oenothera_rubricaulis_2014_G1.jpg,https://upload.wikimedia.org/wikipedia/commons/2/26/Oenothera_biennis_20050829_331.jpg,https://upload.wikimedia.org/wikipedia/commons/9/94/Oenothera_biennis_20050829_371.jpg,,,,,,,,,,,
OLEA EUROPEA,OLIVIER,https://upload.wikimedia.org/wikipedia/commons/7/73/Olea_europaea_group.jpg,https://upload.wikimedia.org/wikipedia/commons/0/09/Olea_europaea_leaves_1.jpg,https://upload.wikimedia.org/wikipedia/commons/8/84/Olea_europaea_sylvestris_-_fruit.JPG,https://upload.wikimedia.org/wikipedia/commons/b/bb/Olea_europaea_%28base_of_tree%29.jpg,https://upload.wikimedia.org/wikipedia/commons/d/d8/Olea_europaea1.jpg,https://upload.wikimedia.org/wikipedia/commons/d/d4/Olea_europaea_subsp_europaea_Leafs.jpg,,,,,,,,,,,
ORIGANUM VULGARE,ORIGAN,https://upload.wikimedia.org/wikipedia/commons/f/f1/Orenga_OriganumVulgare.jpg,https://upload.wikimedia.org/wikipedia/commons/4/43/Natureza._Valverde._Vilarromar%C3%ADs._Oroso._Galiza-99.jpg,https://upload.wikimedia.org/wikipedia/commons/c/ca/Oregano_Roscheiderhof_H2a.jpg,https://upload.wikimedia.org/wikipedia/commons/6/6b/Oregano_Roscheiderhof_H1a.jpg,https://upload.wikimedia.org/wikipedia/commons/c/ce/Ruhland%2C_Grenzstr._3%2C_Oregano%2C_Blütentriebe%2C_Sommer%2C_01.jpg,,,,,,,,,,,,
PINUS PINEA,PIN PIGNON,https://upload.wikimedia.org/wikipedia/commons/b/be/Pinus_pinea%2801%29.jpg,https://upload.wikimedia.org/wikipedia/commons/6/66/Pinus_pinea_Hurzuf4.JPG,https://upload.wikimedia.org/wikipedia/commons/8/83/Pinus-pinea-conos.jpgg,https://upload.wikimedia.org/wikipedia/commons/f/f3/Pinus_pinea_conos.jpg,https://upload.wikimedia.org/wikipedia/commons/5/50/Pinus-pinea-bractea-tectriz.jpg,,,,,,,,,,,,
PRUNUS ARMENIACA,ABRICOTIER,https://upload.wikimedia.org/wikipedia/commons/0/02/Prunus_armeniaca_-_Aprikostre_Fjørå.jpg,https://upload.wikimedia.org/wikipedia/commons/8/87/Prunus-armeniaca-Potsdam-Wilhelmplatz-17-10-2007-62.jpg,https://upload.wikimedia.org/wikipedia/commons/0/01/Prunus_armeniaca.jpg,https://upload.wikimedia.org/wikipedia/commons/7/77/Prunus_armeniaca_-_MHNT_Borderouge.jpg,https://upload.wikimedia.org/wikipedia/commons/2/23/Prunus_armeniaca_in_Donetsk_1.jpg,,,,,,,,,,,,
PRUNUS CERASUS,CERISIER,https://upload.wikimedia.org/wikipedia/commons/6/6c/Prunus_cerasus_-_Hohenwettersbach_01.jpg,https://upload.wikimedia.org/wikipedia/commons/8/88/Prunus_cerasus.jpg,https://upload.wikimedia.org/wikipedia/commons/8/88/Prunus_cerasus.jpg,https://upload.wikimedia.org/wikipedia/commons/3/31/Rosales_-_Prunus_cerasus_-_20.jpg,,,,,,,,,,,,,
PRUNUS DOMESTICA,PRUNIER,https://upload.wikimedia.org/wikipedia/commons/1/10/Prunus-domestica.JPG,https://upload.wikimedia.org/wikipedia/commons/0/02/Pruimenbloesem_Opal_tak_%28Prunus_domestica%29.jpgg,https://upload.wikimedia.org/wikipedia/commons/2/20/Prunus_domestica_01.JPG,https://upload.wikimedia.org/wikipedia/commons/5/59/Prunus_domestica._Cirolal.jpg,https://upload.wikimedia.org/wikipedia/commons/c/ce/Fior_di_prugno_su_tronco.jpg,,,,,,,,,,,,
PRUNUS DULCIS,AMANDIER,https://upload.wikimedia.org/wikipedia/commons/9/92/Prunus_dulcis_Kedumim_1.jpg?uselang=fr,https://upload.wikimedia.org/wikipedia/commons/3/38/Prunus_dulcis_kz12.jpg?uselang=fr,https://upload.wikimedia.org/wikipedia/commons/a/ac/Almond_flower.jpg?uselang=fr,https://upload.wikimedia.org/wikipedia/commons/9/99/Prunus_dulcis_fruit_%28Ab_plant_67%29.jpg?uselang=fr,,,,,,,,,,,,,
PRUNUS LUSITANICA,LAURIER DU PORTUGAL,https://upload.wikimedia.org/wikipedia/commons/5/5b/Prunus-lusitanica-leaves.JPG,https://upload.wikimedia.org/wikipedia/commons/8/88/Prunus_lusitanica.jpg,https://upload.wikimedia.org/wikipedia/commons/1/1d/Prunus_lusitanica_kz3.JPG,https://upload.wikimedia.org/wikipedia/commons/1/19/Prunus_lusitanica_C.jpg,https://upload.wikimedia.org/wikipedia/commons/c/c6/Prunus_lusitanica_2.jpg,,,,,,,,,,,,
PRUNUS PERSICA,PECHER,https://upload.wikimedia.org/wikipedia/commons/e/e5/Prunus_persica11.jpg,https://upload.wikimedia.org/wikipedia/commons/1/19/Prunus_persica12.jpg,https://upload.wikimedia.org/wikipedia/commons/6/6d/Prunus_persica_flower.JPG,https://upload.wikimedia.org/wikipedia/commons/4/42/Harmonia_axyridis-Pupes_sur_feuille_de_pêcher.jpg,,,,,,,,,,,,,
PRUNUS SPINOSA,PRUNELLIER,https://upload.wikimedia.org/wikipedia/commons/d/dc/Noordwijk_-_Sleedoorn_%28Prunus_spinosa%29.jpg,https://upload.wikimedia.org/wikipedia/commons/1/12/Sleedoorn_bloemen_%28Prunus_spinosa%29.jpg,https://upload.wikimedia.org/wikipedia/commons/f/f5/Noordwijk_-_Sleedoorn_%28Prunus_spinosa%29_v2.jpg,https://upload.wikimedia.org/wikipedia/commons/2/20/Prunus-spinosa-habit.JPG,https://upload.wikimedia.org/wikipedia/commons/9/90/Ruhland%2C_Grenzstr._gegenüber_Hausnr._3%2C_Schlehe_%28Prunus_spinosa%29%2C_Früchte_am_Zweig%2C_Sommer%2C_03.jpg,,,,,,,,,,,,
PRUNUS TOMENTOSA ,RAGOUMINIER,https://upload.wikimedia.org/wikipedia/commons/5/58/Flowers_of_prunus_tomentosa_in_May.jpg?uselang=fr,https://upload.wikimedia.org/wikipedia/commons/5/51/Prunus_tomentosa_with_ripe_berries.JPG?uselang=fr,https://upload.wikimedia.org/wikipedia/commons/1/14/Prunus_tomentosa.jpeg?uselang=fr,https://upload.wikimedia.org/wikipedia/commons/4/40/Prunus_tomentosa1.jpg?uselang=fr,https://upload.wikimedia.org/wikipedia/commons/d/df/Berries_and_leaves_of_Prunus_Cerasus_tomentosa.jpg?uselang=fr,,,,,,,,,,,,
PUNICA GRANATUM,GRENADIER,https://upload.wikimedia.org/wikipedia/commons/e/e1/Punica_granatum_with_fruit_in_august.JPG?uselang=fr,https://upload.wikimedia.org/wikipedia/commons/9/96/Punica_granatum_001.JPG?uselang=fr,https://upload.wikimedia.org/wikipedia/commons/8/84/Punica_granatum_%282%29.JPG?uselang=fr,https://upload.wikimedia.org/wikipedia/commons/e/e6/Punica_granatum_004.JPG?uselang=fr,https://upload.wikimedia.org/wikipedia/commons/e/e6/Pomegranate_fruit_-_Punica_granatum.jpg?uselang=fr,,,,,,,,,,,,
PYRUS COMMUNIS,POIRIER,https://upload.wikimedia.org/wikipedia/commons/2/2d/Pyrus_communis_water_sprouts_%2801%29.jpg?uselang=fr,https://upload.wikimedia.org/wikipedia/commons/3/3c/20160414Pyrus_communis.jpg?uselang=fr,https://upload.wikimedia.org/wikipedia/commons/2/2a/Starr-140117-4021-Pyrus_communis-Hood_flower-Hawea_Pl_Olinda-Maui_%2824608831984%29.jpg?uselang=fr,https://upload.wikimedia.org/wikipedia/commons/f/fe/Pyrus_communis_cv_Pepi_Harilik_pirnipuu_sort_Pepi_estonia.JPG?uselang=fr,,,,,,,,,,,,,
PYRUS PYRIFOLIA,NASHI,https://commons.wikimedia.org/w/index.php?title=Special:Search&limit=100&offset=0&profile=default&search=pyrus+pyrifolia&advancedSearch-current=%7B%7D&uselang=fr&ns0=1&ns6=1&ns12=1&ns14=1&ns100=1&ns106=1#/media/File:Pyrus_pyrifolia_var_culta1.jpg,https://upload.wikimedia.org/wikipedia/commons/8/84/Pyrus_pyrifolia_%28Raja%29_young_fruit_12.jpg?uselang=fr,https://upload.wikimedia.org/wikipedia/commons/7/7d/Pyrus_pyrifolia_Shinko_leaf_LR.jpg?uselang=fr,https://upload.wikimedia.org/wikipedia/commons/d/da/Pyrus_pyrifolia_%28Shinko%29_inflorescence2.JPG?uselang=fr,https://upload.wikimedia.org/wikipedia/commons/4/49/Pyrus_pyrifolia_fruit_on_tree_PS_2z_LR.jpg?uselang=fr,,,,,,,,,,,,
QUERCUS ILEX SSP BALLOTA,CHÊNE VERT À GLAND DOUX,https://commons.wikimedia.org/wiki/File:Quercus_ilex_rotundifolia.jpg#/media/File:Quercus_ilex_rotundifolia.jpg,https://commons.wikimedia.org/wiki/File:P1090351-24x15-Quercus_rotundifolia_(27931660617).jpg#/media/File:P1090351-24x15-Quercus_rotundifolia_(27931660617).jpg,https://commons.wikimedia.org/wiki/File:068quercus_rotundifolia.JPG#/media/File:068quercus_rotundifolia.JPG,https://commons.wikimedia.org/wiki/File:Bellotas_(15540664966).jpg#/media/File:Bellotas_(15540664966).jpg,,,,,,,,,,,,,
rheum spp,RHUBARBES,https://upload.wikimedia.org/wikipedia/commons/8/82/Rabarbar_kędzierzawy_Rheum_rhabarbarum.jpg,https://upload.wikimedia.org/wikipedia/commons/0/0c/Rheum_rhabarbarum_Victoria_0zz.jpg,https://upload.wikimedia.org/wikipedia/commons/e/ef/Young_Rheum_rhabarbarum_2.jpg,https://upload.wikimedia.org/wikipedia/commons/7/77/Caryophyllales_-_Rheum_rhabarbarum_-_2.jpg,https://upload.wikimedia.org/wikipedia/commons/9/94/Rheum_rhabarbarum_01.JPG,,,,,,,,,,,,
RIBES NIGRUM,CASSISSIER,https://upload.wikimedia.org/wikipedia/commons/1/12/Ribes_nigrum_kz02.jpg,https://upload.wikimedia.org/wikipedia/commons/b/be/Zwarte_bes_%28Ribes_nigrum%29.jpg,https://upload.wikimedia.org/wikipedia/commons/1/17/Blackcurrants2.jpg,https://upload.wikimedia.org/wikipedia/commons/5/59/Czarna_porzeczka._Smorodyna.jpg,https://upload.wikimedia.org/wikipedia/commons/b/b1/Ribes_nigrum_kz1.jpg,https://upload.wikimedia.org/wikipedia/commons/7/70/Schwarze_Johannisbeeren.jpg,,,,,,,,,,,
RIBES RUBRUM,GROSEILLER A GRAPPES,https://upload.wikimedia.org/wikipedia/commons/b/b4/RSerbentas_Ribes_rubrum.jpg,https://upload.wikimedia.org/wikipedia/commons/4/4d/Ribes_rubrum_B.jpg,https://upload.wikimedia.org/wikipedia/commons/b/bf/Ribes_rubrum_01.JPG,https://upload.wikimedia.org/wikipedia/commons/a/ad/Ribes-rubrum-blomst.JPG,https://upload.wikimedia.org/wikipedia/commons/2/23/Grosello_rojo_%28Ribes_rubrum%29%2C_Múnich%2C_Alemania%2C_2012-06-07%2C_DD_01.jpg,https://upload.wikimedia.org/wikipedia/commons/0/0e/Rode_bessen_%28Ribes_rubrum%29.jpg,,,,,,,,,,,
RIBES UVA CRISPA,GROSEILLIER À MAQUEREAUX,https://upload.wikimedia.org/wikipedia/commons/5/51/Wilde_kruisbes_%28Ribes_uva-crispa_wild_plant%29.jpg,https://upload.wikimedia.org/wikipedia/commons/d/d9/Wilde_kruisbes_bessen_%28Ribes_uva-crispa_wild_plant%29.jpg,https://upload.wikimedia.org/wikipedia/commons/e/e4/Ribes_uva-crispa_kz05.jpg,https://upload.wikimedia.org/wikipedia/commons/3/33/Ribes_uva-crispa_kz03.jpg,https://upload.wikimedia.org/wikipedia/commons/8/8f/Ribes_uva-crispa_buds.jpg,https://upload.wikimedia.org/wikipedia/commons/2/24/Stachelbeere_%28Ribes_uva-crispa%29.jpg,,,,,,,,,,,
RIBES X NIDIGROLARIA,CASSEILLE,https://upload.wikimedia.org/wikipedia/commons/2/2d/2018-05-13_%28248%29_Ribes_×_nidigrolaria_%28Jostaberry%29_at_Bichlhäusl_in_Frankenfels%2C_Austria.jpg,https://upload.wikimedia.org/wikipedia/commons/0/0b/Jostabeerenblüten.jpg,https://upload.wikimedia.org/wikipedia/commons/e/ef/Jostaberry_short-shoot_leaf.jpg,https://upload.wikimedia.org/wikipedia/commons/a/a9/Caseille_jostaberry_flowers.jpg,https://upload.wikimedia.org/wikipedia/commons/b/b1/Jostabeere.jpg,https://upload.wikimedia.org/wikipedia/commons/c/c2/Caseille_jostaberry_mature_fruits.jpg,https://upload.wikimedia.org/wikipedia/commons/c/cd/Ribes_nigrum%2C_2006-07-31.jpg,,,,,,,,,,
ROBINIA PSEUDOACACIA,ROBINIER,https://upload.wikimedia.org/wikipedia/commons/0/00/Rob%C3%ADnia_pseudoacácia.jpg,https://upload.wikimedia.org/wikipedia/commons/c/c0/Robinia-pseudoacacia.JPG,https://upload.wikimedia.org/wikipedia/commons/2/2d/Robinia_%28Robinia_pseudoacacia%29.jpg,https://upload.wikimedia.org/wikipedia/commons/1/13/Robinia_pseudoacacia_Paludi_01.jpg,https://upload.wikimedia.org/wikipedia/commons/c/cb/Robinia_pseudoacacia_kz14.jpg,https://upload.wikimedia.org/wikipedia/commons/f/fd/Robinia_pseudoacacia_kz21.jpg,,,,,,,,,,,
ROSA DAMASCENA,"ROSIERS ""de Damas""",https://upload.wikimedia.org/wikipedia/commons/8/86/Rosa_x_damascena_4zz.jpg,https://upload.wikimedia.org/wikipedia/commons/5/5b/Rosa_X_damascena_%27Bifera%27.jpg,,,https://upload.wikimedia.org/wikipedia/commons/7/74/Rosa_x_damascena_2016-05-31_2048.jpg,https://upload.wikimedia.org/wikipedia/commons/7/72/Rosa_x_damascena_2016-05-31_2039.jpg,,,,,,,,,,,
ROSMARINUS OFFICINALIS,ROMARIN,https://upload.wikimedia.org/wikipedia/commons/f/f2/Romani_RosmarinusOfficinalis.jpg,https://upload.wikimedia.org/wikipedia/commons/c/ce/2008_07_Botanical_Garden_Meran_70810R0241.jpg,https://upload.wikimedia.org/wikipedia/commons/6/6e/Rosmarinus_officinalis_%281%29.jpg,https://upload.wikimedia.org/wikipedia/commons/1/11/Rosmarinbluete-2019.jpg,https://upload.wikimedia.org/wikipedia/commons/7/79/Rosmarinus2_officinalis.jpeg,https://upload.wikimedia.org/wikipedia/commons/0/09/Rosmarinus_officinalis_MHNT.BOT.2008.1.19.jpg,https://upload.wikimedia.org/wikipedia/commons/3/35/Ribes_nidigrolaria.jpg,,,,,,,,,,
rubus fruticosus,RONCE,https://upload.wikimedia.org/wikipedia/commons/2/2b/Rubus_fruticosus%2801%29.jpg,https://upload.wikimedia.org/wikipedia/commons/c/c9/Gewone_braam_%28Rubus_fruticosus%29.jpg,https://upload.wikimedia.org/wikipedia/commons/c/c1/Rubus_fruticosus%2802%29.jpg,https://upload.wikimedia.org/wikipedia/commons/7/76/Adventitious_roots_on_a_Rubus_fruticosus_%27hoop%27_terminus._Barrmill_Park%2C_Scotland.jpg,https://upload.wikimedia.org/wikipedia/commons/f/f9/Rubus_fruticosus_Fruit_Luc_Viatour.JPG,https://upload.wikimedia.org/wikipedia/commons/2/23/Rubus_fruticosus_wetland_7.jpg,,,,,,,,,,,
RUBUS IDAEUS,FRAMBOISES,https://upload.wikimedia.org/wikipedia/commons/8/81/Rubus_idaeus_RF.jpg,https://upload.wikimedia.org/wikipedia/commons/e/e2/Rubus_idaeus_3_RF.jpg,https://upload.wikimedia.org/wikipedia/commons/e/e9/Rubus_idaeus_2_RF.jpg,https://upload.wikimedia.org/wikipedia/commons/7/7c/Rubus_idaeua%2C_malina_u_šumi.jpg,https://upload.wikimedia.org/wikipedia/commons/d/d2/Rubus_idaeus_leaf_underside.jpg,https://upload.wikimedia.org/wikipedia/commons/a/a2/Raspberries_%28Rubus_Idaeus%29.jpg,https://upload.wikimedia.org/wikipedia/commons/d/df/Rosa_damascena_004.JPG,,,,,,,,,,
RUBUS OCCIDENTALIS,FRAMBOISE NOIRE,https://upload.wikimedia.org/wikipedia/commons/3/32/Rubus_occidentalis_winter_canes_1.JPG,https://upload.wikimedia.org/wikipedia/commons/a/a3/Rubus_occidentalis_NRCS-1.jpg,https://upload.wikimedia.org/wikipedia/commons/8/8a/Rubus_occidentalis_%2835029818313%29.jpg,https://upload.wikimedia.org/wikipedia/commons/0/0a/Rubus_occidentalis_BW-1979-0621-0638.jpg,https://upload.wikimedia.org/wikipedia/commons/6/6a/Black_Raspberry_%28Rubus_occidentalis%29_-_Guelph%2C_Ontario_2020-07-26.jpg,,,,,,,,,,,,
RUBUS X LOGANNOBACCUS,MÛROISE,https://upload.wikimedia.org/wikipedia/commons/1/16/Loganberry_fruiting.jpg,https://upload.wikimedia.org/wikipedia/commons/8/8d/Loganberry_flowers.jpg,https://upload.wikimedia.org/wikipedia/commons/a/ad/Loganbes.jpg,https://upload.wikimedia.org/wikipedia/commons/3/36/Loganberries_in_blossom.jpg,,,,,,,,,,,,,
RUMEX PATIENTIA,OSEILLES PATIENCE,https://upload.wikimedia.org/wikipedia/commons/9/9c/Rumex_patientia_young_plant.jpg,https://upload.wikimedia.org/wikipedia/commons/9/97/Rumex_patientia_kz02.jpg,https://upload.wikimedia.org/wikipedia/commons/4/4b/Rumex_patientia_fruits%2C_rupa5_003_php.jpg,,,,,,,,,,,,,,
SALIX ALBA,SAULES BLANC,https://upload.wikimedia.org/wikipedia/commons/1/16/Salix_alba_-_Lake_Constance.jpg,https://upload.wikimedia.org/wikipedia/commons/2/21/Salix_alba_020.jpg,,,,,,,,,,,,,,,
SALIX VIMINALIS,SAULES DES VANNIERS,"https://commons.wikimedia.org/w/index.php?search=SALIX+VIMINALIS&title=Special%3ASearch&go=Go&ns0=1&ns6=1&ns12=1&ns14=1&ns100=1&ns106=1#/media/File:2018-10-22_(884)_Salix_viminalis_(basket_willow)_at_Krems_an_der_Donau,_Austria.jpg",https://commons.wikimedia.org/w/index.php?search=SALIX+VIMINALIS&title=Special%3ASearch&go=Go&ns0=1&ns6=1&ns12=1&ns14=1&ns100=1&ns106=1#/media/File:Salix_viminalis_M2_(2).jpg,https://commons.wikimedia.org/w/index.php?search=SALIX+VIMINALIS&title=Special%3ASearch&go=Go&ns0=1&ns6=1&ns12=1&ns14=1&ns100=1&ns106=1#/media/File:Salix_viminalis_leaves.jpg,https://commons.wikimedia.org/w/index.php?search=SALIX+VIMINALIS&title=Special%3ASearch&go=Go&ns0=1&ns6=1&ns12=1&ns14=1&ns100=1&ns106=1#/media/File:Salix_viminalis_001.jpg,https://commons.wikimedia.org/w/index.php?search=SALIX+VIMINALIS&title=Special%3ASearch&go=Go&ns0=1&ns6=1&ns12=1&ns14=1&ns100=1&ns106=1#/media/File:Salix_viminalis_007.jpg,https://commons.wikimedia.org/w/index.php?title=Special:Search&limit=20&offset=20&profile=default&search=SALIX+VIMINALIS&advancedSearch-current={}&ns0=1&ns6=1&ns12=1&ns14=1&ns100=1&ns106=1#/media/File:Salix_viminalis_-_Talence_-_201007.jpg,,,,,,,,,,,
SALVIA OFFICINALIS,SAUGE OFFICINALE,https://commons.wikimedia.org/w/index.php?search=SALVIA+OFFICINALIS&title=Special%3ASearch&go=Go&ns0=1&ns6=1&ns12=1&ns14=1&ns100=1&ns106=1#/media/File:Sage_11.jpg,https://commons.wikimedia.org/w/index.php?search=SALVIA+OFFICINALIS&title=Special%3ASearch&go=Go&ns0=1&ns6=1&ns12=1&ns14=1&ns100=1&ns106=1#/media/File:Salvia-officinalis-flower.jpg,https://commons.wikimedia.org/w/index.php?search=SALVIA+OFFICINALIS&title=Special%3ASearch&go=Go&ns0=1&ns6=1&ns12=1&ns14=1&ns100=1&ns106=1#/media/File:Sage_(Salvia_officinalis).jpg,https://commons.wikimedia.org/w/index.php?search=SALVIA+OFFICINALIS&title=Special%3ASearch&go=Go&ns0=1&ns6=1&ns12=1&ns14=1&ns100=1&ns106=1#/media/File:Salvia_officinalis_Berggarten_4zz.jpg,https://commons.wikimedia.org/w/index.php?title=Special:Search&limit=20&offset=20&profile=default&search=SALVIA+OFFICINALIS&advancedSearch-current={}&ns0=1&ns6=1&ns12=1&ns14=1&ns100=1&ns106=1#/media/File:Salvia_officinalis_kz01.jpg,https://commons.wikimedia.org/w/index.php?title=Special:Search&limit=20&offset=20&profile=default&search=SALVIA+OFFICINALIS&advancedSearch-current={}&ns0=1&ns6=1&ns12=1&ns14=1&ns100=1&ns106=1#/media/File:Salvia_officinalis_Icterina_1.JPG,,,,,,,,,,,
SAMBUCUS NIGRA,SUREAU NOIR,https://commons.wikimedia.org/w/index.php?search=SAMBUCUS+NIGRA&title=Special%3ASearch&go=Go&ns0=1&ns6=1&ns12=1&ns14=1&ns100=1&ns106=1#/media/File:Sambucus_nigra_004.jpg,https://commons.wikimedia.org/w/index.php?search=SAMBUCUS+NIGRA&title=Special%3ASearch&go=Go&ns0=1&ns6=1&ns12=1&ns14=1&ns100=1&ns106=1#/media/File:Sambucus_nigra1_beentree_brok.jpg,https://commons.wikimedia.org/w/index.php?search=SAMBUCUS+NIGRA&title=Special%3ASearch&go=Go&ns0=1&ns6=1&ns12=1&ns14=1&ns100=1&ns106=1#/media/File:Sambucus_nigra_fruit_kpjas_26082005_1.jpg,https://commons.wikimedia.org/w/index.php?search=SAMBUCUS+NIGRA&title=Special%3ASearch&go=Go&ns0=1&ns6=1&ns12=1&ns14=1&ns100=1&ns106=1#/media/File:Sambucus_nigra_2004_a.jpg,https://commons.wikimedia.org/w/index.php?title=Special:Search&limit=20&offset=20&profile=default&search=SAMBUCUS+NIGRA&advancedSearch-current={}&ns0=1&ns6=1&ns12=1&ns14=1&ns100=1&ns106=1#/media/File:Hyczka_RB1.JPG,https://commons.wikimedia.org/w/index.php?title=Special:Search&limit=20&offset=40&profile=default&search=SAMBUCUS+NIGRA&advancedSearch-current={}&ns0=1&ns6=1&ns12=1&ns14=1&ns100=1&ns106=1#/media/File:Holunderbl%C3%BCten_2020.jpg,,,,,,,,,,,
SAMBUCUS RACEMOSA,SUREAU À GRAPPES,https://commons.wikimedia.org/w/index.php?title=Special:Search&limit=20&offset=40&profile=default&search=SAMBUCUS+RACEMOSA&advancedSearch-current={}&ns0=1&ns6=1&ns12=1&ns14=1&ns100=1&ns106=1#/media/File:Sambucus_racemosa_6261.JPG,https://commons.wikimedia.org/w/index.php?search=SAMBUCUS+RACEMOSA&title=Special%3ASearch&go=Go&ns0=1&ns6=1&ns12=1&ns14=1&ns100=1&ns106=1#/media/File:Sambucus_racemosa_(1).jpg,"https://commons.wikimedia.org/w/index.php?search=SAMBUCUS+RACEMOSA&title=Special%3ASearch&go=Go&ns0=1&ns6=1&ns12=1&ns14=1&ns100=1&ns106=1#/media/File:Sambucus_racemosa,_2006-07-18.JPG",https://commons.wikimedia.org/w/index.php?search=SAMBUCUS+RACEMOSA&title=Special%3ASearch&go=Go&ns0=1&ns6=1&ns12=1&ns14=1&ns100=1&ns106=1#/media/File:Sambucus_racemosa_01659t.JPG,https://commons.wikimedia.org/w/index.php?search=SAMBUCUS+RACEMOSA&title=Special%3ASearch&go=Go&ns0=1&ns6=1&ns12=1&ns14=1&ns100=1&ns106=1#/media/File:Sambucus_racemosa20100404_18.jpg,https://commons.wikimedia.org/w/index.php?title=Special:Search&limit=20&offset=20&profile=default&search=SAMBUCUS+RACEMOSA&advancedSearch-current={}&ns0=1&ns6=1&ns12=1&ns14=1&ns100=1&ns106=1#/media/File:Sambucus_racemosa_Pryma.jpg,,,,,,,,,,,
SATUREJA SPICIGERA,SARRIETTE RAMPANTE,https://commons.wikimedia.org/w/index.php?search=SATUREJA+SPICIGERA&title=Special:Search&go=Go&ns0=1&ns6=1&ns12=1&ns14=1&ns100=1&ns106=1#/media/File:Saturejaspicigera.jpg,https://commons.wikimedia.org/w/index.php?search=SATUREJA+SPICIGERA&title=Special%3ASearch&go=Go&ns0=1&ns6=1&ns12=1&ns14=1&ns100=1&ns106=1#/media/File:Satureja_alternipilosa.jpg,https://commons.wikimedia.org/w/index.php?search=SATUREJA+SPICIGERA&title=Special:Search&go=Go&ns0=1&ns6=1&ns12=1&ns14=1&ns100=1&ns106=1#/media/File:Satureja_spicigera_1.jpg,,,,,,,,,,,,,,
SEDUM SPECTABILE,ORPIN REMARQUABLE,https://upload.wikimedia.org/wikipedia/commons/4/4b/Sedum_spectabile.jpg,https://upload.wikimedia.org/wikipedia/commons/b/bd/Sedum_spectabile1.jpg,https://upload.wikimedia.org/wikipedia/commons/b/b0/Sedum_Spectabile_R01.jpg,https://upload.wikimedia.org/wikipedia/commons/a/a4/Sedum_spectabile_3.jpg,,,https://commons.wikimedia.org/w/index.php?title=Special:Search&limit=20&offset=60&profile=default&search=SAMBUCUS+NIGRA&advancedSearch-current={}&ns0=1&ns6=1&ns12=1&ns14=1&ns100=1&ns106=1#/media/File:Sambucus_nigra_buds.jpg,https://commons.wikimedia.org/w/index.php?title=Special:Search&limit=20&offset=60&profile=default&search=SAMBUCUS+NIGRA&advancedSearch-current={}&ns0=1&ns6=1&ns12=1&ns14=1&ns100=1&ns106=1#/media/File:Sambucus_nigra_0001.JPG,,,,,,,,,
SORBUS AUCUPARIA,SORBIER DES OISELEURS,https://upload.wikimedia.org/wikipedia/commons/c/c6/Sorbus_aucuparia_kpjas_19082005_3.jpg,https://upload.wikimedia.org/wikipedia/commons/c/c8/Sorbus_aucuparia_kpjas_19082005_4.jpg,https://upload.wikimedia.org/wikipedia/commons/d/de/Sorbus_aucuparia_Wilde_lijsterbes_bloeiwijze.jpg,https://upload.wikimedia.org/wikipedia/commons/a/a2/Lothar_Path_-_Black_Forest_National_Park_-_Sorbus_aucuparia.jpg,https://upload.wikimedia.org/wikipedia/commons/9/97/Sorbus_aucuparia_kz11.jpg,,https://commons.wikimedia.org/w/index.php?title=Special:Search&limit=20&offset=40&profile=default&search=SAMBUCUS+RACEMOSA&advancedSearch-current={}&ns0=1&ns6=1&ns12=1&ns14=1&ns100=1&ns106=1#/media/File:Sambucus_racemosa_kz05.jpg,,,,,,,,,,
SORBUS DOMESTICA,CORMIER,https://upload.wikimedia.org/wikipedia/commons/9/9b/Sorbus_domestica_9378.jpg,https://upload.wikimedia.org/wikipedia/commons/b/b2/Sorbus-domestica-2.jpg,https://upload.wikimedia.org/wikipedia/commons/3/3f/Sorbus-domestica-1020635.JPG,https://upload.wikimedia.org/wikipedia/commons/8/81/Sorbus_domestica_150912a.jpg,https://upload.wikimedia.org/wikipedia/commons/d/dc/Sorbus_domestica_-_fruit.jpg,https://upload.wikimedia.org/wikipedia/commons/d/d8/Sorbus-domestica-bark.jpg,,,,,,,,,,,
SYMPHYTUM OFFICINALIS,CONSOUDE OFFICINALE,https://upload.wikimedia.org/wikipedia/commons/a/ad/Symphytum_officinale_in_Mounts_Botanical_Garden.jpg,https://upload.wikimedia.org/wikipedia/commons/9/98/Leeuwenhorst_-_Gewone_smeerwortel_%28Symphytum_officinale%29_v3.jpg,https://upload.wikimedia.org/wikipedia/commons/6/68/Symphytum_officinale_%28Common_Comfrey%29%2C_Lainshaw_Woods%2C_Stewarton%2C_Scotland.jpg,https://upload.wikimedia.org/wikipedia/commons/f/ff/Symphytum_officinale05.jpg,https://upload.wikimedia.org/wikipedia/commons/1/16/SymphytumOfficinale-plant0.jpg,,,,,,,,,,,,
TANACETUM VULGARE,TANAISIE,https://upload.wikimedia.org/wikipedia/commons/9/9d/Tansy_%28Tanacetum_vulgare%29_-_Kitchener%2C_Ontario.jpg,https://upload.wikimedia.org/wikipedia/commons/d/d5/Klinkenbergplas_-_Boerenwormkruid_%28Tanacetum_vulgare%29.jpg,https://upload.wikimedia.org/wikipedia/commons/9/96/Tanacetum_vulgare_Paludi_03.jpg,https://upload.wikimedia.org/wikipedia/commons/e/ee/Tanacetum_vulgare_Paludi_01.jpg,,,,,,,,,,,,,
tetradium daniellii,ARBRE À MIEL,https://upload.wikimedia.org/wikipedia/commons/c/ca/TetradiumDaniellii.jpg,https://upload.wikimedia.org/wikipedia/commons/0/04/Tetradium_daniellii_3.JPG,https://upload.wikimedia.org/wikipedia/commons/e/ec/Tetradium_daniellii_kz2.jpg,https://upload.wikimedia.org/wikipedia/commons/f/f9/Tetradium_daniellii_kz3.jpg,https://upload.wikimedia.org/wikipedia/commons/6/6c/Tetradium_daniellii_%2833236704281%29.jpg,,,,,,,,,,,,
THYMUS NITENS,THYMS LUISANT,https://upload.wikimedia.org/wikipedia/commons/2/2b/Thym_des_Cévennes_-_Thymus_nitens-2947_-_Flickr_-_Ragnhild_%26_Neil_Crawford.jpg,,,,,,,,,,,,,,,,
TILIA CORDATA,TILLEUL A PETITE FLEUR,https://upload.wikimedia.org/wikipedia/commons/b/b5/Tilia_cordata_%27Erecta%27.jpg,https://upload.wikimedia.org/wikipedia/commons/f/f6/Tilia_cordata_leaf.jpg,https://upload.wikimedia.org/wikipedia/commons/3/39/Tilia_cordata_leaf_abaxial_side.jpg,https://upload.wikimedia.org/wikipedia/commons/6/6b/Tilia_cordata_flowering.jpg,https://upload.wikimedia.org/wikipedia/commons/6/6f/Bombus_hypnorum_-_Tilia_cordata_-_Keila.jpg,https://upload.wikimedia.org/wikipedia/commons/1/15/Tilia_cordata_fruits.jpg,,,,,,,,,,,
tilia henryana,TILLEULS DE HONGRIE,https://upload.wikimedia.org/wikipedia/commons/d/d0/Tilia_henryana-Jardin_des_Plantes_01.JPG,https://upload.wikimedia.org/wikipedia/commons/0/09/TiliaHenryaaleaves.JPG,https://upload.wikimedia.org/wikipedia/commons/b/bf/Tilia_henryana_23.jpg,https://upload.wikimedia.org/wikipedia/commons/e/e8/Tilia_henryana_%282%29.jpg,https://upload.wikimedia.org/wikipedia/commons/d/d2/Tilia_henryana_HRM2.jpg,https://upload.wikimedia.org/wikipedia/commons/3/32/Tilia_henryana-Jardin_des_Plantes_04.JPG,,,,,,,,,,,
TUSSILAGO FARFARA,TUSSILAGE,https://commons.wikimedia.org/w/index.php?search=TUSSILAGO+FARFARA&title=Special%3ASearch&go=Go&ns0=1&ns6=1&ns12=1&ns14=1&ns100=1&ns106=1#/media/File:Tussilago_farfara.JPG,https://commons.wikimedia.org/w/index.php?search=TUSSILAGO+FARFARA&title=Special%3ASearch&go=Go&ns0=1&ns6=1&ns12=1&ns14=1&ns100=1&ns106=1#/media/File:Tussilago_farfara_3_RF.jpg,https://commons.wikimedia.org/w/index.php?search=TUSSILAGO+FARFARA&title=Special%3ASearch&go=Go&ns0=1&ns6=1&ns12=1&ns14=1&ns100=1&ns106=1#/media/File:Tussilago_farfara_Huflattich_Herscheid_Buschhoeh_20190330_1441.jpg,"https://commons.wikimedia.org/w/index.php?search=TUSSILAGO+FARFARA&title=Special%3ASearch&go=Go&ns0=1&ns6=1&ns12=1&ns14=1&ns100=1&ns106=1#/media/File:Colt's-Foot_(Tussilago_farfara)_-_Bayfield,_Ontario.jpg",https://commons.wikimedia.org/w/index.php?title=Special:Search&limit=20&offset=20&profile=default&search=TUSSILAGO+FARFARA&advancedSearch-current={}&ns0=1&ns6=1&ns12=1&ns14=1&ns100=1&ns106=1#/media/File:2018.04.06.-12-Bad_Duerkheim--Huflattich.jpg,,,,,,,,,,,,
URTICA DIOICA,ORTIE DIOIQUE,https://commons.wikimedia.org/w/index.php?search=URTICA+DIOICA&title=Special%3ASearch&go=Go&ns0=1&ns6=1&ns12=1&ns14=1&ns100=1&ns106=1#/media/File:Urtica_dioica_fresh.jpg,https://commons.wikimedia.org/w/index.php?search=URTICA+DIOICA&title=Special%3ASearch&go=Go&ns0=1&ns6=1&ns12=1&ns14=1&ns100=1&ns106=1#/media/File:Urtica_dioica_Panarotta_01.jpg,https://commons.wikimedia.org/w/index.php?search=URTICA+DIOICA&title=Special%3ASearch&go=Go&ns0=1&ns6=1&ns12=1&ns14=1&ns100=1&ns106=1#/media/File:Urtica_Dioica_Thicket.jpg,https://commons.wikimedia.org/w/index.php?search=URTICA+DIOICA&title=Special%3ASearch&go=Go&ns0=1&ns6=1&ns12=1&ns14=1&ns100=1&ns106=1#/media/File:Br%C3%A4nn%C3%A4ssla_(Urtica_Dioica).jpg,,,,,,,,,,,,,
vaccinium myrtillus,MYRTILLIERS,https://commons.wikimedia.org/w/index.php?title=Special:Search&limit=20&offset=0&profile=default&search=VACCINUM+MYRTILLUS&advancedSearch-current={}&ns0=1&ns6=1&ns12=1&ns14=1&ns100=1&ns106=1#/media/File:203_Vaccinum_myrtillus_L.jpg,https://commons.wikimedia.org/w/index.php?search=VACCINUM+MYRTILLUS&title=Special%3ASearch&go=Go&ns0=1&ns6=1&ns12=1&ns14=1&ns100=1&ns106=1#/media/File:Vaccinum_myrtillus_020503.jpg,https://commons.wikimedia.org/w/index.php?search=VACCINUM+MYRTILLUS&title=Special%3ASearch&go=Go&ns0=1&ns6=1&ns12=1&ns14=1&ns100=1&ns106=1#/media/File:Vaccinum_myrtillus_260405.jpg,https://commons.wikimedia.org/w/index.php?search=VACCINUM+MYRTILLUS&title=Special%3ASearch&go=Go&ns0=1&ns6=1&ns12=1&ns14=1&ns100=1&ns106=1#/media/File:Heidelbeeren_im_Wald.JPG,,,,,,,,,,,,,
VIBURNUM TINUS,LAURIER TIN,https://commons.wikimedia.org/w/index.php?search=VIBURNUM+TINUS&title=Special%3ASearch&go=Go&ns0=1&ns6=1&ns12=1&ns14=1&ns100=1&ns106=1#/media/File:Viburnum_tinus_in_Gard_02.jpg,https://commons.wikimedia.org/w/index.php?search=VIBURNUM+TINUS&title=Special%3ASearch&go=Go&ns0=1&ns6=1&ns12=1&ns14=1&ns100=1&ns106=1#/media/File:Viburnum_tinus_a_Kedumim_4.jpg,https://commons.wikimedia.org/w/index.php?search=VIBURNUM+TINUS&title=Special%3ASearch&go=Go&ns0=1&ns6=1&ns12=1&ns14=1&ns100=1&ns106=1#/media/File:Viburnum_tinus.JPG,https://commons.wikimedia.org/w/index.php?search=VIBURNUM+TINUS&title=Special%3ASearch&go=Go&ns0=1&ns6=1&ns12=1&ns14=1&ns100=1&ns106=1#/media/File:MHNT_Viburnum_tinus.jpg,https://commons.wikimedia.org/w/index.php?search=VIBURNUM+TINUS&title=Special%3ASearch&go=Go&ns0=1&ns6=1&ns12=1&ns14=1&ns100=1&ns106=1#/media/File:Viburnum_tinus_A.jpg,,,,,,,,,,,,
VINCA MINOR,PETITE PERVENCHE,https://commons.wikimedia.org/w/index.php?search=VINCA+MINOR&title=Special%3ASearch&go=Go&ns0=1&ns6=1&ns12=1&ns14=1&ns100=1&ns106=1#/media/File:Vinca_minor_11.jpg,https://commons.wikimedia.org/w/index.php?search=VINCA+MINOR&title=Special%3ASearch&go=Go&ns0=1&ns6=1&ns12=1&ns14=1&ns100=1&ns106=1#/media/File:Vinca_minor.JPG,https://commons.wikimedia.org/w/index.php?search=VINCA+MINOR&title=Special%3ASearch&go=Go&ns0=1&ns6=1&ns12=1&ns14=1&ns100=1&ns106=1#/media/File:Vinca_minor_beentree.jpg,https://commons.wikimedia.org/w/index.php?search=VINCA+MINOR&title=Special%3ASearch&go=Go&ns0=1&ns6=1&ns12=1&ns14=1&ns100=1&ns106=1#/media/File:Vinca_minor_'Aureomarginata'_kz03.jpg,https://commons.wikimedia.org/w/index.php?search=VINCA+MINOR&title=Special%3ASearch&go=Go&ns0=1&ns6=1&ns12=1&ns14=1&ns100=1&ns106=1#/media/File:Vinca_minor_'Ralph_Shugert'_kz05.jpg,"https://commons.wikimedia.org/w/index.php?search=VINCA+MINOR&title=Special%3ASearch&go=Go&ns0=1&ns6=1&ns12=1&ns14=1&ns100=1&ns106=1#/media/File:Vinca_minor_(Lesser_Periwinkle),_Rosslyn_Glen,_Roslin,_Midlothian.jpg",,,,,,,,,,,
VIOLA ODORATA,VIOLETTES,https://commons.wikimedia.org/w/index.php?search=VIOLA+ODORATA&title=Special%3ASearch&go=Go&ns0=1&ns6=1&ns12=1&ns14=1&ns100=1&ns106=1#/media/File:Viola_odorata.JPEG,https://commons.wikimedia.org/w/index.php?search=VIOLA+ODORATA&title=Special%3ASearch&go=Go&ns0=1&ns6=1&ns12=1&ns14=1&ns100=1&ns106=1#/media/File:Viola-odorata-plants.jpg,https://commons.wikimedia.org/w/index.php?search=VIOLA+ODORATA&title=Special%3ASearch&go=Go&ns0=1&ns6=1&ns12=1&ns14=1&ns100=1&ns106=1#/media/File:Viola_odorata_Garden_060402Aw.jpg,https://commons.wikimedia.org/w/index.php?search=VIOLA+ODORATA&title=Special%3ASearch&go=Go&ns0=1&ns6=1&ns12=1&ns14=1&ns100=1&ns106=1#/media/File:Viola_odorata_flower_-_purple_with_white_center_-_front_P.2005.04.04.jpg,https://commons.wikimedia.org/w/index.php?search=VIOLA+ODORATA&title=Special%3ASearch&go=Go&ns0=1&ns6=1&ns12=1&ns14=1&ns100=1&ns106=1#/media/File:Viola_odorata.JPG,https://commons.wikimedia.org/w/index.php?search=VIOLA+ODORATA&title=Special%3ASearch&go=Go&ns0=1&ns6=1&ns12=1&ns14=1&ns100=1&ns106=1#/media/File:Viola_odorata_and_Anemone_ranunculoides_00736.jpg,,,,,,,,,,,
VITEX AGNUS CASTUS,GATTILIER / ARBRE AUX MOINES,https://commons.wikimedia.org/w/index.php?search=VITEX+AGNUS+CASTUS&title=Special%3ASearch&go=Go&ns0=1&ns6=1&ns12=1&ns14=1&ns100=1&ns106=1#/media/File:Moenchspfeffer_roscheiderhof_H2.jpg,https://commons.wikimedia.org/w/index.php?search=VITEX+AGNUS+CASTUS&title=Special%3ASearch&go=Go&ns0=1&ns6=1&ns12=1&ns14=1&ns100=1&ns106=1#/media/File:Vitex_agnus-castus_kz01.jpg,https://commons.wikimedia.org/w/index.php?search=VITEX+AGNUS+CASTUS&title=Special%3ASearch&go=Go&ns0=1&ns6=1&ns12=1&ns14=1&ns100=1&ns106=1#/media/File:Vitex_agnus-castus1.jpg,"https://commons.wikimedia.org/w/index.php?search=VITEX+AGNUS+CASTUS&title=Special%3ASearch&go=Go&ns0=1&ns6=1&ns12=1&ns14=1&ns100=1&ns106=1#/media/File:Vitex_agnus-castus,_Ametlla_de_Mar.jpg",https://commons.wikimedia.org/w/index.php?search=VITEX+AGNUS+CASTUS&title=Special%3ASearch&go=Go&ns0=1&ns6=1&ns12=1&ns14=1&ns100=1&ns106=1#/media/File:Vitex_agnus-castus_001.JPG,https://commons.wikimedia.org/w/index.php?title=Special:Search&limit=20&offset=20&profile=default&search=VITEX+AGNUS+CASTUS&advancedSearch-current={}&ns0=1&ns6=1&ns12=1&ns14=1&ns100=1&ns106=1#/media/File:Vitex_agnus-castus_2zz.jpg,,,,,,,,,,,
VITIS VINIFERA,VIGNES,https://commons.wikimedia.org/w/index.php?title=Special:Search&limit=20&offset=20&profile=default&search=VITIS+VINIFERA&advancedSearch-current={}&ns0=1&ns6=1&ns12=1&ns14=1&ns100=1&ns106=1#/media/File:Vitis_vinifera_20120823.jpg,"https://commons.wikimedia.org/w/index.php?search=VITIS+VINIFERA&title=Special%3ASearch&go=Go&ns0=1&ns6=1&ns12=1&ns14=1&ns100=1&ns106=1#/media/File:Edle_Weinrebe,_'Vitis_vinifera'_subsp._'vinifera.jpg",https://commons.wikimedia.org/w/index.php?search=VITIS+VINIFERA&title=Special%3ASearch&go=Go&ns0=1&ns6=1&ns12=1&ns14=1&ns100=1&ns106=1#/media/File:Vitis-vinifera.JPG,https://commons.wikimedia.org/w/index.php?search=VITIS+VINIFERA&title=Special%3ASearch&go=Go&ns0=1&ns6=1&ns12=1&ns14=1&ns100=1&ns106=1#/media/File:Vitis_vinifera_Wildbacher_Herbstbl%C3%A4tter_01.jpg,"https://commons.wikimedia.org/w/index.php?title=Special:Search&limit=20&offset=20&profile=default&search=VITIS+VINIFERA&advancedSearch-current={}&ns0=1&ns6=1&ns12=1&ns14=1&ns100=1&ns106=1#/media/File:Vitis_vinifera,_Cessenon-sur-Orb_01.jpg",https://commons.wikimedia.org/w/index.php?title=Special:Search&limit=50&offset=0&profile=default&search=VITIS+VINIFERA&advancedSearch-current={}&ns0=1&ns6=1&ns12=1&ns14=1&ns100=1&ns106=1#/media/File:Vitis_vinifera.jpg,,,,,,,,,,,
ZANTHOXYLUM SIMULANS ,POIVRIER DE SICHUAN,https://upload.wikimedia.org/wikipedia/commons/d/df/Zanthoxylum_piperitum_kz02.jpg,https://upload.wikimedia.org/wikipedia/commons/f/fe/Zanthoxylum_piperitum_04.jpg,https://upload.wikimedia.org/wikipedia/commons/0/0f/Zanthoxylum_piperitum_%28branch%29.jpg,https://upload.wikimedia.org/wikipedia/commons/e/ec/Zanthoxylum_piperitum_%28Mount_Fujiwara%29.jpg,https://upload.wikimedia.org/wikipedia/commons/9/91/Zanthoxylum_piperitum_%28flower_male%29.jpg,https://upload.wikimedia.org/wikipedia/commons/d/d3/Zanthoxylum_piperitum_Fruits_et_graines.jpg,,,,,,,,,,,
ZIZIPHUS JUJUBA,JUJUBIER,https://upload.wikimedia.org/wikipedia/commons/a/a9/Ziziphus_jujuba2.jpg,https://upload.wikimedia.org/wikipedia/commons/0/00/Ziziphus_jujuba1.jpg,https://upload.wikimedia.org/wikipedia/commons/6/6f/Ziziphus_jujuba_1zz.jpgg,https://upload.wikimedia.org/wikipedia/commons/a/a8/Ziziphus_jujuba_for_sale_JEG6154.jpg,,,https://commons.wikimedia.org/w/index.php?title=Special:Search&limit=20&offset=20&profile=default&search=VITEX+AGNUS+CASTUS&advancedSearch-current={}&ns0=1&ns6=1&ns12=1&ns14=1&ns100=1&ns106=1#/media/File:Vitex_agnus-castus_5zz.jpg,,,,,,,,,,
